Symbol,Description,"Price change %, 1 day","Volume, 1 day","Relative volume, 1 day",Market capitalization,Market capitalization - Currency,Price to earnings ratio,"Earnings per share diluted, Trailing 12 months","Earnings per share diluted, Trailing 12 months - Currency","Earnings per share diluted growth %, TTM YoY","Dividend yield %, Trailing 12 months",Sector,Analyst rating,Price,Price - Currency
NVDA,NVIDIA Corporation,0.1561966124859634,112344838,0.5960231595670192,4965597881651.432,USD,31.42362706361604,6.5298,USD,110.33338701884364,0.0195245765607458,Electronic technology,Strong buy,205.19,USD
GOOGL,Alphabet Inc.,0.5338625373843601,24730850,0.6409604752621034,4351286910570.1543,USD,27.437428961561054,13.1091,USD,46.187815730487436,0.234787712776365,Technology services,Strong buy,359.68,USD
GOOG,Alphabet Inc.,0.4487323311644668,17657557,0.6022154116158293,4347602321689.6567,USD,27.321478972622074,13.1091,USD,46.187815730487436,0.235584473861342,Technology services,Strong buy,358.16,USD
AAPL,Apple Inc.,-1.5221729865033995,38784560,0.6830070203052775,4275930152547.4634,USD,35.21804875098288,8.2665,USD,29.004822172630675,0.355173696850793,Electronic technology,Buy,291.13,USD
AMZN,"Amazon.com, Inc.",-1.2256221274481303,51249604,1.136320355577317,2566108383040.2236,USD,28.508431229609094,8.3677,USD,36.47513577870922,0,Retail trade,Strong buy,238.55,USD
TSM,Taiwan Semiconductor Manufacturing Company Ltd.,0.6792219820932419,10362462,0.7417930135991972,1844258228542.9604,USD,35.23325105343207,12.0321,USD,54.805465493283926,0.626015389365189,Electronic technology,Strong buy,423.93,USD
AVGO,Broadcom Inc.,-0.9077469720154576,27628300,0.6272963698109802,1817728654978.255,USD,63.60412851673048,6.007,USD,125.81008946695735,0.643203568742381,Electronic technology,Strong buy,382.07,USD
MU,"Micron Technology, Inc.",-1.4319138040105628,40992441,0.7194740802150175,1106994974939.52,USD,46.34323672295846,21.1813,USD,409.11691183540046,0.0497052828180385,Electronic technology,Strong buy,981.61,USD
AMD,"Advanced Micro Devices, Inc.",4.73334015764152,31618262,1.0037001844462368,834166362595.0382,USD,167.89851980701698,3.0469,USD,123.34701656648583,0,Electronic technology,Buy,511.57,USD
ASML,ASML Holding N.V. - New York Registry Shares,-1.891570324509869,2531272,1.1941058926496695,696884516758.3839,USD,62.136560057616904,29.9912,USD,26.402744587321447,0.393150651757323,Electronic technology,Buy,1863.55,USD
INTC,Intel Corporation,6.506497948016415,151525435,1.1043894842583697,626088815099.636,USD,,-0.6263,USD,85.99601994499474,0,Electronic technology,Neutral,124.57,USD
LRCX,Lam Research Corporation,1.183382985766308,9256619,0.8207798371359304,458721951086.129,USD,69.23425378909421,5.2981,USD,47.59583240472476,0.278605318327265,Producer manufacturing,Buy,366.81,USD
AMAT,"Applied Materials, Inc.",2.64367400115808,8064199,0.8188117977471047,450373488180.2624,USD,53.2979423094992,10.643,USD,29.538345443701996,0.345613781123335,Producer manufacturing,Strong buy,567.25,USD
BAC,Bank of America Corporation,1.55910079767949,32989014,0.8154052294951224,397550989300.6643,USD,13.900054587861646,4.0302,USD,20.322436184505147,1.99419869470631,Finance,Strong buy,56.02,USD
UNH,UnitedHealth Group Incorporated,0.732338799161625,7269619,0.9303796629181963,370995117936.80206,USD,30.85312065736209,13.2408,USD,-44.64988148934658,2.17975588706695,Health services,Buy,408.52,USD
ARM,Arm Holdings plc,11.273120416094434,16531603,1.3362005864680915,364132731689,USD,449.9172967863894,0.8464,USD,13.595490538182803,0,Electronic technology,Buy,380.81,USD
GE,GE Aerospace,0.7633128981848841,4377475,0.9247582010201488,349831000342.6701,USD,41.323638156273105,8.114,USD,26.528193612774466,0.465801178026205,Electronic technology,Buy,335.3,USD
MS,Morgan Stanley,0.6489231637355382,4694348,0.7497272059299249,337602068401.1916,USD,19.38574960828178,11.0411,USD,29.550841292563295,1.88093670647983,Finance,Buy,214.04,USD
GS,"Goldman Sachs Group, Inc. (The)",2.6177049940133537,2206027,0.8891903786909061,313519135545.68695,USD,19.42110399222242,54.7214,USD,26.993564617230493,1.49665907071955,Finance,Neutral,1062.75,USD
HSBC,"HSBC Holdings, plc.",2.1494708994709026,1677190,0.7785529931669638,304652637178.7673,USD,15.314570904463652,6.0511,USD,11.526623292847004,4.1115520282187,Finance,Neutral,92.67,USD
SNDK,Sandisk Corporation,5.239940260748012,11963827,1.0901284272592542,293232550061.2493,USD,68.83210334027413,28.7671,USD,,0,Electronic technology,Buy,1980.1,USD
TXN,Texas Instruments Incorporated,1.3530797711208287,5368529,0.5475966867585675,274047159946.746,USD,51.514892306639524,5.8453,USD,10.750487883438492,1.89161898350724,Electronic technology,Buy,301.12,USD
DELL,Dell Technologies Inc.,1.052497126069742,6059055,0.39755731037775976,256372080737.4327,USD,31.434111299179122,12.5841,USD,100.63934948979589,0.563290330821306,Electronic technology,Buy,395.57,USD
MRVL,"Marvell Technology, Inc.",-0.359801930818279,42160743,0.5498668589859064,244681549137.22565,USD,95.57818480043738,2.9264,USD,,0.085497488511275,Electronic technology,Strong buy,279.7,USD
C,"Citigroup, Inc.",1.2747157239081766,10359654,0.8005309335561088,239795524348.54205,USD,17.327137546468403,8.07,USD,27.480096044483766,1.73824871442022,Finance,Strong buy,139.83,USD
PANW,"Palo Alto Networks, Inc.",0.03219690194255781,6774212,0.6012123039190878,227890299004.6797,USD,230.00740314222259,1.2157,USD,-30.432045779685268,0,Technology services,Buy,279.62,USD
QCOM,QUALCOMM Incorporated,4.3161214032321595,14134791,0.6706516250971332,223152887381.40875,USD,23.02956468771075,9.1934,USD,-6.380855397148674,1.7540402049665,Electronic technology,Neutral,211.72,USD
BHP,BHP Group Limited,3.2045454545454466,3065305,0.9458769377014861,217698375369.91916,USD,22.524242950323654,4.0321,USD,-9.901233464426177,2.98863636363636,Non-energy minerals,Neutral,90.82,USD
STX,Seagate Technology Holdings PLC,7.251552258406378,3194676,1.0150011091481177,208766164049.048,USD,88.37588989084006,10.535,USD,52.226685547495876,0.336370652812496,Electronic technology,Buy,931.04,USD
ANET,"Arista Networks, Inc.",4.373401534526857,6052481,0.6918801423202778,205552230396.0248,USD,55.896452540747845,2.9204,USD,23.546831373212623,0,Electronic technology,Strong buy,163.24,USD
ADI,"Analog Devices, Inc.",1.37335306820664,2997603,0.5948968711504202,203500095237.17807,USD,62.086132081079484,6.7292,USD,83.19222497481829,0.987552471307597,Electronic technology,Buy,417.79,USD
WDC,Western Digital Corporation,6.354739367832378,6291240,0.9141369703602216,194030179359.46716,USD,33.60324974182341,16.7521,USD,218.5112653294039,0.0850195544975344,Electronic technology,Buy,562.925,USD
APH,Amphenol Corporation,0.8789190607372448,9393031,0.919587304520915,189210073981.66995,USD,44.19540229885058,3.48,USD,68.63733281643728,0.544405089859635,Electronic technology,Strong buy,153.8,USD
TOELY,Tokyo Electron Ltd.,2.932135256561843,516420,1.0721597431234642,180117718162.53754,USD,52.7482914061364,4.1262,USD,6.705629832682513,0.924060234131324,Producer manufacturing,Buy,217.65,USD
SAN,"Banco Santander, S.A. Sponsored",2.468152866242028,8251252,0.9402608671880424,177881366618.208,USD,10.2803738317757,1.2519,USD,43.995859213250526,1.5953025477707,Finance,Buy,12.87,USD
RIO,Rio Tinto Plc,1.6499421072944749,2673228,0.9700555987138442,174831557531.0712,USD,17.282958199356912,6.0956,USD,-13.847980326200638,3.85468930914705,Non-energy minerals,Buy,105.35,USD
CRWD,"CrowdStrike Holdings, Inc.",-1.2624181163507033,2311871,0.5175484225801963,173816866006.05093,USD,,-0.1885,USD,73.02132531844855,0,Technology services,Buy,682.8,USD
BA,Boeing Company (The),-1.1641023327166828,5665772,0.8641742396680389,172677624180.8009,USD,112.62210796915167,1.945,USD,,0,Electronic technology,Buy,219.05,USD
SCCO,Southern Copper Corporation,4.188625384277556,1119421,0.7668728383723529,158346674672.8064,USD,32.146547197615135,5.9039,USD,36.79417966125258,1.98132131093544,Non-energy minerals,Sell,189.79,USD
IBKR,"Interactive Brokers Group, Inc.",2.2289766970618077,4182600,0.7668952659719883,154033022163.15,USD,39.04127257093723,2.326,USD,28.423144876325097,0.360238658110999,Finance,Buy,90.81,USD
UBS,UBS Group AG Registered,1.6185930691014756,2746944,1.2079605121223749,148277377218.20703,USD,17.49510521110411,2.7990686200000003,USD,85.69118793825896,2.28236077804423,Finance,Neutral,48.97,USD
SBUX,Starbucks Corporation,0.7430582714118157,5307213,0.611987605344099,117434681567.55573,USD,78.64448175851015,1.3102,USD,-52.37541347097525,2.41493938208838,Consumer services,Neutral,103.04,USD
VRT,"Vertiv Holdings, LLC",1.6751712098831775,4958116,0.774449971803839,116335041941.57681,USD,76.03112840466926,3.9835,USD,130.95431354359923,0.0671411306566403,Electronic technology,Buy,302.87,USD
CDNS,"Cadence Design Systems, Inc.",0.3179235941001643,1366238,0.46531097895614526,106178128323.05206,USD,89.87043305707948,4.2835,USD,8.486982068686055,0,Technology services,Strong buy,384.96,USD
BN,Brookfield Corporation,0.39973351099267096,3340678,0.7189359600245989,100980860099.83713,USD,91.12591749044617,0.49612669200000004,USD,169.9492374738812,0.546278256115412,Finance,Buy,45.21,USD
FCX,"Freeport-McMoRan, Inc.",3.1202894181489196,12609402,0.8874509484147524,98343461477.64032,USD,36.39410544235782,1.8797,USD,55.154766817994215,0.904431715405487,Non-energy minerals,Buy,68.41,USD
UPS,"United Parcel Service, Inc.",-0.5062126092959147,3714549,0.622586774788788,91885676926.87619,USD,17.50068804740242,6.1769,USD,-9.902564252166055,6.0377358490566,Transportation,Buy,108.1,USD
CMI,Cummins Inc.,0.5932681602586567,595349,0.5787275962005621,91014824170.25523,USD,34.23597377723104,19.2657,USD,-4.155514651012388,1.2200887614574,Producer manufacturing,Buy,659.58,USD
ITUB,Itau Unibanco Banco Holding SA,1.011378002528446,30594424,1.3645829591382694,89206525269.8332,USD,10.945205479452055,0.73,USD,7.892403192432752,6.60527930710961,Finance,Buy,7.99,USD
MMM,3M Company,0.25964156798175964,4576913,1.1028183314781195,82574530635.86398,USD,30.543658602461704,5.1834,USD,-34.5232681521904,1.91248179342664,Producer manufacturing,Buy,158.32,USD
ING,"ING Group, N.V.",1.7857142857142894,5438860,1.3435482518292698,82267355290.4944,USD,11.946850160161347,2.5287,USD,,3.6245923180593,Finance,Buy,30.21,USD
DDOG,"Datadog, Inc.",-1.8528005464480888,5756728,0.8110834999688273,81835251132.24812,USD,613.5575126768082,0.3747,USD,-18.825823223570197,0,Technology services,Strong buy,229.9,USD
BCS,Barclays PLC,2.9090909090909047,5597289,1.0803536227692583,81454781789.25809,USD,10.44023610427939,2.4396,USD,21.621217408644497,1.80595555555556,Finance,Buy,25.47,USD
FDX,FedEx Corporation,0.09171597633136161,1176598,0.5214431923778767,80723049757.65134,USD,18.00824000340672,18.7864,USD,17.954642489388956,1.71597633136095,Transportation,Buy,338.31,USD
SNOW,Snowflake Inc.,-3.16568908856441,7707338,0.7241390986621481,80681549216.23895,USD,,-3.5146,USD,16.45828381269312,0,Technology services,Strong buy,232.78,USD
EMR,Emerson Electric Company,0.6897037089168765,2213425,0.9230791109147889,80133501441.92834,USD,33.00802879291251,4.3344,USD,3.4463007159904335,1.54303610387782,Electronic technology,Buy,143.07,USD
ABNB,"Airbnb, Inc.",1.0774050584549526,2616274,0.6913485730484951,79725800708.07732,USD,32.5820833025444,4.0599,USD,2.1538384117957854,0,Consumer services,Buy,132.28,USD
RCL,Royal Caribbean Cruises Ltd.,2.229476316155027,2003477,0.7528888283280653,78951234930.01598,USD,17.969284109776346,16.3824,USD,37.58860483085296,1.47589943047646,Consumer services,Buy,294.38,USD
MPWR,"Monolithic Power Systems, Inc.",-0.7694001446950406,567710,0.6731151950499812,77493735665.47769,USD,113.63976945244956,13.88,USD,-63.151159888922514,0.420244723349376,Electronic technology,Buy,1577.32,USD
APO,"Apollo Global Management, Inc. (New)",-0.022403106564111073,2310498,0.6636032420629407,77184167299.01425,USD,88.03840336687053,1.5207,USD,-73.13820391436445,1.56261668284669,Finance,Buy,133.88,USD
NXPI,NXP Semiconductors N.V.,0.7635101636093214,2127104,0.4705291185217286,76968331743.88141,USD,29.171251686489903,10.4507,USD,13.848248815294934,1.34060485870104,Electronic technology,Buy,304.86,USD
LYG,Lloyds Banking Group Plc,1.4760147601476028,36911038,1.2601639900093213,76671070365.9663,USD,13.117099928452182,0.4193,USD,,3.60761992619926,Finance,Buy,5.5,USD
NOK,Nokia Corporation Sponsored,5.039034776437195,117902262,0.8628080634957764,76112472401.8016,USD,92.32688708671242,0.1603,USD,8.67796610169492,0.852718239886444,Electronic technology,Buy,14.8,USD
ASX,"ASE Technology Holding Co., Ltd.",3.5869565217391313,9422061,0.7525294614135509,75448716287.625,USD,56.59144893111639,0.6736,USD,43.41068767298275,0.709961956521739,Electronic technology,Strong buy,38.12,USD
COHR,Coherent Corp.,5.899664447989435,5386637,0.7693899072466316,75327007678.66064,USD,183.8202998185811,2.0946,USD,,0,Electronic technology,Buy,385.03,USD
BE,Bloom Energy Corporation,4.556412729026049,8610262,0.7446888328502849,74017987430.78424,USD,,-0.0564,USD,32.85714285714286,0,Electronic technology,Buy,260.22,USD
GM,General Motors Company,0.8039579468150968,4953969,0.5334048836828218,73485709245.67719,USD,32.87350758309132,2.4792,USD,-64.28849228641805,0.779220779220779,Consumer durables,Buy,81.5,USD
LITE,Lumentum Holdings Inc.,3.5937903978237067,4563149,0.6931802045013832,71697372976.64568,USD,171.03617230563648,5.3881,USD,,0,Producer manufacturing,Buy,921.56,USD
WBD,"Warner Bros. Discovery, Inc. - Series A",0.44676098287416605,16192988,0.6714105890836817,67642550209.08713,USD,,-0.6988,USD,84.13440799182655,0,Consumer services,Neutral,26.98,USD
STM,STMicroelectronics N.V.,-1.0496671786994463,11434174,0.7087550991670841,66966750033.6448,USD,502.6007802340702,0.1538,USD,-86.87713310580205,0.391705069124424,Electronic technology,Buy,77.3,USD
FIX,"Comfort Systems USA, Inc.",1.8547048420869812,451834,0.8805337371245273,66096430366.755714,USD,54.19397854303948,34.6461,USD,107.81259372113385,0.1410421933146,Industrial services,Strong buy,1877.61,USD
VALE,VALE S.A.,2.278645833333343,23021080,0.9987211372774335,64092649931.0823,USD,23.97741147741148,0.6552,USD,-51.75612988734262,5.915,Non-energy minerals,Buy,15.71,USD
CIEN,Ciena Corporation,0.17070212479223548,2665183,0.6014023876088836,63129770310.579346,USD,148.44722564324468,3.0043,USD,318.48446858894005,0,Electronic technology,Buy,445.98,USD
TER,"Teradyne, Inc.",5.715783953854225,3326868,0.8534073505683311,63117797916.15732,USD,74.62520821765686,5.403,USD,52.929521652986125,0.131095962244363,Electronic technology,Buy,403.2,USD
ALAB,"Astera Labs, Inc.",-0.08708193866167306,5380743,0.9345607087396663,62932426747.82565,USD,247.47236451873817,1.4836,USD,532.3955669224212,0,Electronic technology,Buy,367.15,USD
KEYS,Keysight Technologies Inc.,3.1291356645002044,1307128,0.7725327722469572,59927879352.42007,USD,57.77671598510562,6.0694,USD,42.551142635695335,0,Electronic technology,Buy,350.67,USD
RKLB,Rocket Lab Corporation,-10.794563512807109,63386167,2.687739311090207,59270241944.9919,USD,,-0.3303,USD,19.985465116279073,0,Electronic technology,Buy,102.39,USD
F,Ford Motor Company,0.8837525492861931,42162223,0.6182928695966787,59132839111.12168,USD,,-1.4073,USD,-212.7644230769231,4.07885791978246,Consumer durables,Neutral,14.84,USD
NBIS,Nebius Group N.V.,4.55363570914327,17184971,0.9927295450201614,58473497004.150826,USD,77.52310412704767,2.9973,USD,,0,Technology services,Buy,232.36,USD
CARR,Carrier Global Corporation,0.24376254660166577,4414993,0.5940404769193246,58065877085.21279,USD,45.92996517968596,1.5221,USD,-65.07102370516557,1.33352451964439,Producer manufacturing,Buy,69.91,USD
CRWV,"CoreWeave, Inc.",5.024023396699397,36338090,1.2205417972223522,54857097578.19511,USD,,-3.1473,USD,-21.728872558499315,0,Technology services,Buy,100.55,USD
FLEX,Flex Ltd.,-1.5000986907033365,5115985,0.8777581907724138,54850441836.11856,USD,64.20637303255135,2.3317,USD,10.433835369896748,0,Electronic technology,Buy,149.71,USD
DAL,"Delta Air Lines, Inc.",1.5031162165465037,6867944,1.0908528179929793,54569949750.273,USD,12.128203256187488,6.8485,USD,21.407931358471153,0.916534278382012,Transportation,Strong buy,83.06,USD
MCHP,Microchip Technology Incorporated,2.4747148698084755,8386186,0.6398121749650192,51627626615.109955,USD,441.13015284854094,0.2159,USD,,1.95825263610932,Electronic technology,Buy,95.24,USD
ROK,"Rockwell Automation, Inc.",0.3824384274131865,528753,0.7782535339133368,51112578676.96344,USD,47.728595178719864,9.624,USD,21.16633932618221,1.19102253108678,Producer manufacturing,Buy,459.34,USD
UMC,United Microelectronics Corporation (NEW),4.593810444874271,16400361,0.8688571811738093,49691669124.01356,USD,33.52968532010541,0.6451,USD,18.453911127432985,1.79776112185687,Electronic technology,Sell,21.63,USD
MT,Arcelor Mittal NY Registry Shares NEW,2.4895064408742202,1718185,0.7480178681269817,49285791491.490395,USD,17.120820135883363,4.1359,USD,149.60168980084492,0.707410623823998,Non-energy minerals,Buy,70.81,USD
FER,Ferrovial N.V.,0.8760207869339324,1538357,0.8031464968359039,48796748586.162506,USD,46.89914006650734,1.448640634,USD,-68.71270985641983,1.66188005627858,Industrial services,Buy,67.94,USD
STT,State Street Corporation,1.6863815589930247,2184968,1.079213878231873,46394458756.569244,USD,17.001186624610796,9.8599,USD,10.73438079087162,1.98968759478314,Finance,Buy,167.63,USD
CRDO,Credo Technology Group Holding Ltd,-5.268922798005737,9028587,0.7437945530477097,46261890133.08484,USD,101.04342921601804,2.4822,USD,790.6350914962326,0,Technology services,Strong buy,250.81,USD
GRMN,Garmin Ltd.,-0.2011903763936701,466488,0.6590577562779868,45919061851.72646,USD,26.548475218821427,8.9685,USD,18.14337654125831,1.24905692011065,Electronic technology,Neutral,238.1,USD
ON,ON Semiconductor Corporation,0.7157640565712423,7351855,0.5855219312990351,45770374160.97026,USD,83.2489842469171,1.4029,USD,-2.6912672539363216,0,Electronic technology,Buy,116.79,USD
HUM,Humana Inc.,2.8560579348504245,980206,0.7093087263615557,45529722540.166046,USD,40.584766532176076,9.3439,USD,-33.932220407412906,0.960156228810112,Health services,Neutral,379.22,USD
CLS,"Celestica, Inc.",1.8815114290157027,1169881,0.43246347825611214,45198227581.54078,USD,47.80649318472472,8.223150744,USD,137.55662783391023,0,Electronic technology,Strong buy,393.12,USD
GFS,GlobalFoundries Inc.,0.7926678226405754,2158931,0.4495185937159831,44630128940.15209,USD,58.46264367816092,1.392,USD,,0,Electronic technology,Buy,81.38,USD
DHI,"D.R. Horton, Inc.",-0.220164475814287,2404068,1.0492333590033263,43696781628.65085,USD,14.435607018727223,10.6743,USD,-19.23199152542372,1.13319950786764,Consumer durables,Neutral,154.09,USD
XYZ,"Block, Inc.",0.6223766102185448,4632749,0.8014342870018497,41377172059.64278,USD,54.008701056556866,1.2872,USD,-68.69116824362123,0,Commercial services,Strong buy,69.52,USD
VIK,Viking Holdings Ltd,-0.9980682549903485,2571397,1.0488944723392613,41123760164.22247,USD,34.35498286906003,2.6852,USD,117.98993343075175,0,Consumer services,Buy,92.25,USD
STLD,"Steel Dynamics, Inc.",1.1482740118046788,799506,0.7144462448692288,40777604970.83097,USD,30.288358541497065,9.3356,USD,23.396999537373596,0.726167054194241,Non-energy minerals,Buy,282.76,USD
JBL,Jabil Inc.,2.1040621932128754,978435,0.7835613994175074,40599521542.90207,USD,51.57338908545084,7.4616,USD,78.81518404907976,0.0849054100665977,Producer manufacturing,Buy,384.82,USD
CCL,Carnival Corporation Ltd.,3.769559032716923,29553313,1.2784370555509472,40364051905.09958,USD,12.973501689489595,2.2492,USD,49.77691949124326,1.06685633001422,Consumer services,Strong buy,29.18,USD
TEVA,Teva Pharmaceutical Industries Limited,0.2025462962962971,5928086,0.8084748979209554,40357903237.6312,USD,25.733818830348522,1.3457,USD,,0,Health technology,Strong buy,34.63,USD
HEI,Heico Corporation,-2.2433818760686317,432551,0.6252568490799255,39030194431.53612,USD,59.22558982693648,5.5991,USD,30.878193590612646,0.0707505453687872,Electronic technology,Buy,331.61,USD
UAL,"United Airlines Holdings, Inc.",2.5841399520468844,5369954,1.0580082939497701,37494295721.1871,USD,10.306647752112275,11.2083,USD,2.1760137106184336,0,Transportation,Strong buy,115.52,USD
HBAN,Huntington Bancshares Incorporated,1.8012783265543213,26328184,1.0375922752819633,35515326489.28762,USD,13.41500765696784,1.306,USD,0.6861460180402538,3.60255665310866,Finance,Strong buy,17.52,USD
WAT,Waters Corporation,-1.1702896536387493,780942,0.7134769730359676,34908015032.08634,USD,45.257583665364,7.8557,USD,-28.76263885740195,0,Health technology,Buy,355.53,USD
RVMD,"Revolution Medicines, Inc.",3.1092943778060813,1581068,0.45319163176510263,32712217296.281853,USD,,-7.073,USD,-76.93115869521715,0,Health technology,Strong buy,153.87,USD
CNC,Centene Corporation,2.596789423984889,4784505,0.8571927199770637,32190626702.90746,USD,,-13.1443,USD,-295.7045441010065,0,Health services,Buy,65.19,USD
TECK,Teck Resources Ltd,1.949685534591198,2649061,0.8419007768572558,31746273486.508724,USD,23.941716922376095,2.708243532,USD,453.8008787023556,0.562999662200203,Non-energy minerals,Neutral,64.84,USD
NTAP,"NetApp, Inc.",0.7104131613385771,1774823,0.3742316153299713,31662618814.633392,USD,25.419170153197648,6.3578,USD,11.901577020557582,1.296192434723,Electronic technology,Neutral,161.61,USD
KLAC,KLA Corporation,5.546433132640032,10069128,0.785302910232104,31502652877,USD,71.95883866225653,3.5373,USD,28.554295682512006,0.331724483410645,Electronic technology,Buy,254.54,USD
TSEM,Tower Semiconductor Ltd.,1.7728574746458317,1210071,0.562205007781901,29383050721.936523,USD,122.11797491871808,2.153,USD,19.213732004429676,0,Electronic technology,Buy,262.92,USD
MTSI,"MACOM Technology Solutions Holdings, Inc.",1.3635393318390472,1135396,0.5944929879530184,28982477323.38969,USD,164.70256677072493,2.3064,USD,,0,Electronic technology,Buy,379.87,USD
FSLR,"First Solar, Inc.",-1.4234612973411562,1799246,0.5649977458133472,28723359488.026108,USD,17.269649709922085,15.4786,USD,31.587180141120463,0,Electronic technology,Buy,267.31,USD
MTZ,"MasTec, Inc.",1.2468619246862,703362,0.46141111524250383,28681364794.44728,USD,63.455184349923954,5.7201,USD,111.18289891456841,0,Industrial services,Strong buy,362.97,USD
MDB,"MongoDB, Inc.",-3.2758669337772677,939690,0.296739062884467,27572066074.756355,USD,,-0.371,USD,67.75595341560926,0,Technology services,Buy,342.8,USD
ZM,"Zoom Communications, Inc.",1.4731369150780045,3254859,0.7165441132360457,27469995627.46101,USD,13.747156798004257,6.8145,USD,104.61506125390343,0,Technology services,Buy,93.68,USD
JBHT,"J.B. Hunt Transport Services, Inc.",0.07608770837657443,551101,0.5395749242138972,27286418463.483715,USD,44.7946499063424,6.4597,USD,17.295540383497958,0.615618731410389,Transportation,Buy,289.36,USD
ATI,ATI Inc.,-0.5112781954887269,2788032,1.510437747248047,27086650641.96451,USD,65.45310645033636,3.0324,USD,9.706595275134763,0,Non-energy minerals,Strong buy,198.48,USD
XPO,"XPO, Inc.",0.2987041511091618,1749386,0.7603646806692715,26808220191.787,USD,78.23271431508257,2.9186,USD,-10.196923076923074,0,Transportation,Buy,228.33,USD
PPG,"PPG Industries, Inc.",0.9303112313937826,1788056,0.9888722723976842,26600884790.854874,USD,17.097666155675583,6.9799,USD,18.227243470307247,2.40189445196211,Process industries,Buy,119.34,USD
STRL,"Sterling Infrastructure, Inc.",2.4375409933814387,476733,0.6427362084181695,26358926504.05187,USD,76.79633089859011,11.1853,USD,30.73659357613726,0,Industrial services,Strong buy,858.99,USD
WSM,"Williams-Sonoma, Inc.",2.194386029075607,1489808,1.4491168002490078,26321078430.433575,USD,25.020987004846596,8.9341,USD,1.1331220285261625,1.25262869159733,Retail trade,Buy,223.54,USD
ILMN,"Illumina, Inc.",-3.1526382287467714,1498534,0.6917526444685812,24354762474.985317,USD,29.21521652328578,5.5098,USD,,0,Health technology,Buy,160.97,USD
MKSI,MKS Inc.,3.0030116992934106,961425,0.933459849745417,24024774260.679802,USD,74.34680824380251,4.7842,USD,42.58210645526615,0.263523688173289,Producer manufacturing,Buy,355.69,USD
CPAY,"Corpay, Inc.",1.4992161892546645,409445,0.7469650355161628,23276032164.974007,USD,21.287368414760262,16.7287,USD,17.324402987691553,0,Commercial services,Buy,356.11,USD
WST,"West Pharmaceutical Services, Inc.",-0.46013198522733606,465312,0.6256340381316331,23230340495.423626,USD,43.9569547490141,7.4805,USD,17.468318650774957,0.263365017860386,Health technology,Strong buy,328.82,USD
HPQ,HP Inc.,2.2690437601296543,10808311,0.4245191380941521,23082553361.16694,USD,9.31502804842043,2.7096,USD,4.43228243274494,4.77633711507293,Technology services,Neutral,25.24,USD
ENTG,"Entegris, Inc.",3.8642009384488154,2114466,0.6640392753278922,22954299710.218884,USD,86.75504322766571,1.735,USD,-15.096647908000968,0.276014352746343,Producer manufacturing,Buy,150.52,USD
CHRW,"C.H. Robinson Worldwide, Inc.",1.376170791690647,1032686,0.733179784978819,22836722696.20365,USD,39.217035747540585,4.9402,USD,18.025658790644343,1.30814714039035,Transportation,Buy,193.74,USD
SNX,TD SYNNEX Corporation,1.2847811180482884,753850,0.8214580512641693,22561759221.021873,USD,23.316191314895278,12.0367,USD,50.41738521906475,0.664044173373272,Distribution services,Strong buy,280.65,USD
LUV,Southwest Airlines Company,2.6642582975841043,6520188,1.2014083711610972,22224541151.269585,USD,28.969164118246685,1.5696,USD,86.39116494478093,1.62564913072928,Transportation,Neutral,45.47,USD
FN,Fabrinet,4.941261335531736,655527,0.5650019375622295,21892328224.698784,USD,52.53604808130487,11.6303,USD,29.62884529647794,0,Electronic technology,Buy,611.01,USD
IONQ,"IonQ, Inc.",-0.2414209346439051,24732305,0.8235675390295588,21593665958.570446,USD,,-0.1712,USD,88.51160917997584,0,Electronic technology,Buy,57.85,USD
SQM,Sociedad Quimica y Minera S.A.,4.574838388861272,1390852,1.0666432302283428,21495831619.21875,USD,29.57078075016698,2.8447,USD,35.236510577608755,0.822575832918946,Process industries,Buy,84.12,USD
IREN,IREN Limited,5.395873743607833,45488280,0.8799023955009564,21329371529.22077,USD,205.81955922865015,0.2904,USD,,0,Technology services,Buy,59.77,USD
ROKU,"Roku, Inc.",20.076897358742894,15034699,6.322229926886058,21201858395.788033,USD,108.03128289968416,1.3298,USD,,0,Technology services,Strong buy,143.66,USD
AMKR,"Amkor Technology, Inc.",8.706500328299402,7553653,1.3189822381471237,20518887021.886013,USD,47.22190530519111,1.753,USD,37.40398181533154,0.436533158240315,Electronic technology,Neutral,82.78,USD
OKTA,"Okta, Inc.",-1.0297872340425478,1981458,0.3157463534347581,20212057813.24443,USD,84.46397443346892,1.3768,USD,113.75562800807329,0,Technology services,Buy,116.29,USD
TTMI,"TTM Technologies, Inc.",3.653650980182684,1934253,0.7850967218990199,20152104770.519203,USD,105.47915420992554,1.8397,USD,145.6864316239316,0,Electronic technology,Strong buy,194.05,USD
ALB,Albemarle Corporation,7.141959009178916,3265067,1.44172431458565,20098422165.86458,USD,,-3.4136,USD,69.31098964326812,1.0184835910977,Process industries,Buy,170.42,USD
MRNA,"Moderna, Inc.",0.5439161966156245,5081172,0.8851820471785538,19803601737.5,USD,,-8.1462,USD,6.610262759664318,0,Health technology,Neutral,49.91,USD
LSCC,Lattice Semiconductor Corporation,1.1689766204675818,1418248,0.7220224252106914,19801745841.299244,USD,1017.8169014084508,0.142,USD,-61.776581426648725,0,Electronic technology,Buy,144.53,USD
DKS,Dick's Sporting Goods Inc,-1.3217235990176288,895452,0.726731889649647,19779247292.953964,USD,21.00984940675388,10.5184,USD,-24.83420992453694,2.18240678722929,Retail trade,Buy,220.99,USD
SITM,SiTime Corporation,1.1993233874993035,432667,0.7999185784582709,19266780307.49458,USD,,-1.0106,USD,73.44997898276586,0,Electronic technology,Buy,729.89,USD
VTRS,Viatris Inc.,1.0423053341508381,6231306,0.6301433009591157,19191826422.611893,USD,,-0.259,USD,91.85252760388815,2.9429797670141,Health technology,Buy,16.48,USD
SN,"SharkNinja, Inc.",-1.320156353713395,1340122,0.5091048146066045,18935425059.671066,USD,26.971456216739238,4.9608,USD,57.1066632885736,0,Consumer durables,Strong buy,133.8,USD
NVMI,Nova Ltd.,4.186769593652826,463551,0.917025358550108,18531061858.31484,USD,73.12530570779978,7.9733,USD,21.042324508136993,0,Electronic technology,Buy,583.05,USD
AA,Alcoa Corporation,-0.30443606842564214,3934691,0.8081223848461343,18147706697.269787,USD,17.297582815604798,3.9757,USD,17.679966848212164,0.57987822557263,Non-energy minerals,Buy,68.77,USD
LII,"Lennox International, Inc.",-0.9438523876757627,272336,0.7520370385200278,17822804990.021954,USD,23.058290674482578,22.2111,USD,-1.0059366754617562,1.00574434752335,Producer manufacturing,Buy,512.15,USD
GH,"Guardant Health, Inc.",0.5500381970970197,1511450,0.6497766160466127,17452799939.022915,USD,,-3.4003,USD,-0.6303640130216069,0,Health technology,Strong buy,131.62,USD
ITT,ITT Inc.,2.23243243243243,1192699,1.6418484914101945,16908222288.29546,USD,33.35037912184799,5.671,USD,-9.760677232512245,0.777837837837838,Producer manufacturing,Buy,189.13,USD
WCC,"WESCO International, Inc.",0.7437320240550833,370488,0.6954609985791863,16889394703.38587,USD,24.647807235766575,14.069,USD,6.428528201404019,0.540730949129892,Distribution services,Buy,346.77,USD
BEN,"Franklin Resources, Inc.",1.0059729644765918,3252463,0.7269388243344472,16695941220.930841,USD,24.545454545454547,1.309,USD,89.572773352643,4.08676516818611,Finance,Neutral,32.13,USD
BBY,"Best Buy Co., Inc.",1.854734111543459,2908137,0.5776628191990423,16551541634.147083,USD,14.528602086879301,5.4052,USD,32.098343027518446,4.94163424124514,Retail trade,Neutral,78.53,USD
ONTO,Onto Innovation Inc.,6.704444371231847,1810389,1.4924043461017502,16110945639.65183,USD,150.35513671602988,2.1541,USD,-51.202881478796655,0,Electronic technology,Strong buy,323.88,USD
RMBS,"Rambus, Inc.",1.4466671281234884,1993878,0.7154367213655215,15848554533.296047,USD,69.6644167696549,2.1038,USD,10.152363998115096,0,Electronic technology,Buy,146.56,USD
DECK,Deckers Outdoor Corporation,-0.47215178805631397,1487930,0.843991879145568,15808819023.698257,USD,16.171101419215525,7.0391,USD,11.11795163225358,0,Consumer non-durables,Buy,113.83,USD
LOGI,Logitech International S.A. - Registered Shares,0.8372008372008388,752804,0.526903723554515,15637703878.78479,USD,23.023198439448922,4.81297159,USD,16.300313301917438,1.45631067961165,Electronic technology,Buy,110.81,USD
SMTC,Semtech Corporation,1.9196674206761724,1672144,0.49205724098602727,15529232050.208292,USD,,-0.3956,USD,80.79984469035139,0,Electronic technology,Buy,166.71,USD
MAS,Masco Corporation,0.37966101694915405,1808753,0.7624307300952903,14934400300.09139,USD,18.391632713902414,4.0252,USD,10.023233565668985,0,Producer manufacturing,Buy,74.03,USD
APTV,Aptiv PLC,0.13243084167157654,1965878,0.3835084114310391,14400776816.369188,USD,40.2305645876441,1.6915,USD,-71.97601020560315,0,Producer manufacturing,Strong buy,68.05,USD
RRX,Regal Rexnord Corporation,0.5065328536262039,604872,0.6362971911580366,14133386294.373695,USD,49.349170191994794,4.3022,USD,22.566308652175152,0.662753266426813,Producer manufacturing,Buy,212.31,USD
DY,"Dycom Industries, Inc.",0.9535699679273322,387667,0.7692049747611035,14084753083.15001,USD,44.61992198649035,10.511,USD,33.28514728446253,0,Industrial services,Strong buy,469,USD
RBRK,"Rubrik, Inc.",-4.562631210636816,4116621,0.7106882191158377,14035428712.506088,USD,,-1.4525,USD,48.86643666830951,0,Technology services,Strong buy,68.19,USD
JHX,James Hardie Industries plc.,1.0046044370029235,6867274,0.9316490969116529,14002990341.486395,USD,112.18038121803811,0.2151,USD,-78.03308823529413,0,Non-energy minerals,Buy,24.13,USD
VICR,Vicor Corporation,1.915721666778494,473404,0.6650365401759312,13846262860.467556,USD,101.73482032218091,2.9859,USD,484.2105263157895,0,Electronic technology,Strong buy,303.77,USD
EVR,Evercore Inc.,0.642072655589967,297445,0.7471791597189184,13824362692.170486,USD,20.160889972019135,17.7264,USD,69.76708550413733,0.960292875246409,Finance,Buy,357.38,USD
TOL,"Toll Brothers, Inc.",-0.07472318456627514,1187314,1.172477006963075,13749584825.45751,USD,11.131627139678839,13.2146,USD,-1.9746602575514773,0.686094694653896,Consumer durables,Buy,147.1,USD
SANM,Sanmina Corporation,3.3282047129322208,592487,0.7183039749692547,13678141108.899506,USD,54.040318482127724,4.7224,USD,9.26675767602212,0,Electronic technology,Buy,255.2,USD
ALLY,Ally Financial Inc.,2.0234536675097616,3410572,0.9218650889938498,13600429198.14785,USD,10.81430207901728,4.1029,USD,201.50646678424457,2.75925500114969,Finance,Buy,44.37,USD
AAOI,"Applied Optoelectronics, Inc.",-2.158814677624719,12730812,0.8039144664305974,13565039721.95914,USD,,-0.6602,USD,82.91938321432268,0,Electronic technology,Buy,169.05,USD
HUT,Hut 8 Corp.,2.192416817126642,2846962,0.7106766880656331,13382935464.851173,USD,,-2.9097,USD,-418.94060995184594,0,Miscellaneous,Strong buy,118.86,USD
EXEL,"Exelixis, Inc.",-0.6915887850467242,1584587,0.6439051677491155,13354494976.353085,USD,17.60962513672069,3.0171,USD,36.87959350331185,0,Health technology,Buy,53.13,USD
VIAV,Viavi Solutions Inc.,6.409235668789806,5179458,0.8209527545030845,13098715212.210192,USD,,-0.25,USD,-1290.4761904761906,0,Technology services,Strong buy,53.46,USD
GLXY,Galaxy Digital Inc.,0.27051397655544424,8898589,0.9518293182853423,13007067458.330027,USD,,-0.4075,USD,84.4001225021055,0,Finance,Strong buy,33.36,USD
SWK,"Stanley Black & Decker, Inc.",0.5894382292794529,1522991,1.0978381399297048,12999194033.02009,USD,34.25925925925927,2.4408,USD,3.6697247706421936,3.98171538554072,Consumer durables,Neutral,83.62,USD
WULF,TeraWulf Inc.,2.8007889546350975,21675759,0.8079719327498801,12913581152.49625,USD,,-2.5116,USD,-663.172288058341,0,Technology services,Strong buy,26.06,USD
SAIA,"Saia, Inc.",-0.8765447304676236,383045,0.8256130696222584,12878730002.278156,USD,50.71631131183699,9.521,USD,-20.559694954568577,0,Transportation,Neutral,482.87,USD
IVZ,Invesco Ltd,2.2269353128313982,3024871,0.500578370573898,12820138979.482504,USD,,-1.4859,USD,-219.0338860850757,2.98692117355956,Finance,Buy,28.92,USD
JEF,Jefferies Financial Group Inc.,3.352329869259135,1740906,1.0730616953798595,12605296325.963459,USD,20.86985953630056,2.9545,USD,2.373527373527366,2.68186389540731,Finance,Buy,61.66,USD
ALGN,"Align Technology, Inc.",-0.9461220327460129,574466,0.5923902479266403,12521712745.442636,USD,29.30164742160921,5.9669,USD,8.579903191760378,0,Health technology,Buy,174.84,USD
BTSG,"BrightSpring Health Services, Inc.",0.23779327837666228,4012276,0.9054666042452224,12261460535.244926,USD,58.774865216583,1.0758,USD,282.3027718550107,0,Health services,Strong buy,63.23,USD
APLD,Applied Digital Corporation,2.9659995177236653,22706999,1.0951857485416465,12202359343.790695,USD,,-0.7392,USD,46.25954198473283,0,Technology services,Strong buy,42.7,USD
ELAN,Elanco Animal Health Incorporated,0.49896049896050304,4512132,0.7202446844799633,12071696085.292723,USD,,-0.4891,USD,-165.27425597224078,0,Health technology,Strong buy,24.17,USD
AUR,"Aurora Innovation, Inc.",2.6800670016750443,41873576,1.2335541969766026,12022174424.911222,USD,,-0.4398,USD,7.215189873417711,0,Technology services,Buy,6.13,USD
CR,Crane Company,1.225069828980252,586691,1.1375593461424958,11928527485.659285,USD,37.80563689604685,5.464,USD,5.86069940908651,0.475327093644338,Electronic technology,Strong buy,206.57,USD
ARW,"Arrow Electronics, Inc.",1.758951808310144,353544,0.5739304995788183,11596156184.77986,USD,16.224066390041493,13.978,USD,92.4125209922088,0,Distribution services,Neutral,226.78,USD
SWKS,"Skyworks Solutions, Inc.",1.7049360648975591,2262474,0.4343171088833507,11125530510.040424,USD,30.754199234990857,2.4052,USD,-6.057883841737297,3.9048535679912,Electronic technology,Neutral,73.97,USD
RVTY,"Revvity, Inc.",-1.832151300236406,927423,0.6514506076905652,11118046938.933805,USD,47.23894392567663,2.1097,USD,-16.586272339079542,0.275807722616233,Health technology,Buy,99.66,USD
PL,Planet Labs PBC,-8.83816213052386,19736525,1.041446725206278,11101937838.535263,USD,,-1.1479,USD,-216.83687551752686,0,Technology services,Buy,31.15,USD
HBM,Hudbay Minerals Inc.,4.429429429429428,6400004,0.9333643054528451,11050579247.718826,USD,16.924091095702764,1.6438105800000002,USD,334.47928555762417,0.0538647993536224,Non-energy minerals,Strong buy,27.82,USD
FIVE,"Five Below, Inc.",-1.7230281725008616,873622,0.39820240935562484,10975574670.6194,USD,25.040369379825403,7.9268,USD,66.15939294847608,0,Retail trade,Buy,198.49,USD
BROS,Dutch Bros Inc.,1.3224665538982,4832899,1.3373804627239398,10857592875.202215,USD,103.94383972235369,0.6339,USD,64.56386292834893,0,Consumer services,Strong buy,65.89,USD
FORM,"FormFactor, Inc.",6.887285012285011,1211177,0.7506256210271384,10852084399.838528,USD,160.0666896631022,0.8697,USD,25.697355109119822,0,Electronic technology,Buy,139.21,USD
BAX,Baxter International Inc.,1.8057589067838018,7622421,1.0703825566544374,10773543097.702293,USD,,-1.9532,USD,-77.70903466472569,0.976085895558809,Health technology,Neutral,20.86,USD
POWL,"Powell Industries, Inc.",1.4629948364888123,500986,0.8225701158000922,10738228323.082617,USD,57.6032363344994,5.1169,USD,7.9150497722287865,0.123352839931153,Producer manufacturing,Buy,294.75,USD
ESI,Element Solutions Inc.,1.8173345759552681,2126745,0.8284255149348129,10645634546.328053,USD,71.32364942059736,0.6127,USD,-48.03663811381562,0.745573159366263,Process industries,Strong buy,43.7,USD
CAVA,"CAVA Group, Inc.",3.1048158640226573,3206538,1.1104491245096368,10597956676.057222,USD,174.71198156682024,0.5208,USD,-56.55655655655656,0,Consumer services,Buy,90.99,USD
ARWR,"Arrowhead Pharmaceuticals, Inc.",0.14782959279666635,1182203,0.7830220427895093,10496664893.850824,USD,,-2.1484,USD,-55.89579856323924,0,Health technology,Strong buy,74.52,USD
GSAT,"Globalstar, Inc.",0.06164468006410696,1119753,0.8227891444882204,10452509245.306868,USD,,-0.1513,USD,75.50987374554873,0,Communications,Buy,81.16,USD
AAON,"AAON, Inc.",-1.127176616915414,1058827,0.9935263854380602,10418350682.224428,USD,89.469611705121,1.4216,USD,-25.31259850793317,0.310945273631841,Producer manufacturing,Buy,127.19,USD
SNEX,StoneX Group Inc.,0.7322336981655531,973022,1.348370628634144,10357378367.78449,USD,23.31626554387968,5.6051,USD,42.496504385407405,0,Finance,Strong buy,130.69,USD
RIOT,"Riot Platforms, Inc.",1.7980107115531707,10190839,0.594755558606969,10062603585.714996,USD,,-2.458,USD,-80.44340038173543,0,Technology services,Strong buy,26.61,USD
CIFR,Cipher Digital Inc.,8.263367211665935,26194705,1.0661377310392168,10021704890.07954,USD,,-2.2256,USD,-502.3274695534506,0,Technology services,Strong buy,24.5,USD
FLS,Flowserve Corporation,-0.038412291933420155,1422850,0.8713292533923572,9977894020.411907,USD,28.89662064625976,2.7017,USD,26.685735721654325,1.08834827144686,Producer manufacturing,Buy,78.07,USD
AAL,"American Airlines Group, Inc.",2.2525597269624575,153390758,1.5488284527728844,9907549016.82048,USD,48.90630101207966,0.3063,USD,-64.63865158162086,0,Transportation,Buy,14.98,USD
NUVL,"Nuvalent, Inc.",-0.16200891049007926,7237353,0.968237266147054,9736493627.02106,USD,,-6.0582,USD,-37.65820627598901,0,Health technology,Neutral,123.25,USD
IAG,Iamgold Corporation,3.159851301115229,7282041,1.3087002774421779,9623700293.388815,USD,9.76874456276958,1.704415536,USD,27.076680576093082,0,Non-energy minerals,Buy,16.65,USD
VSAT,"ViaSat, Inc.",-3.4933296657956157,3631187,1.0764167951027723,9583043414.030807,USD,,-0.295,USD,93.37465750348112,0,Electronic technology,Strong buy,70.17,USD
TKR,Timken Company (The),-0.2474526928675425,930530,0.8170136353028419,9524916683.725618,USD,31.187566841877715,4.3947,USD,-5.161958609378696,1.02620087336245,Producer manufacturing,Buy,137.06,USD
ALGM,"Allegro MicroSystems, Inc.",5.097998331943287,1621894,0.7322387980458149,9386540502.901794,USD,,-0.0811,USD,79.04392764857882,0,Electronic technology,Strong buy,50.405,USD
SIRI,SiriusXM Holdings Inc.,-0.2537151141718024,4162053,0.5123346820004858,9263780637.483147,USD,11.439022362623659,2.4058,USD,,3.91446176150779,Consumer services,Neutral,27.52,USD
SIMO,Silicon Motion Technology Corporation,2.2417438215353336,731075,0.6719596211161547,9207182228,USD,55.78892933150347,5.0277,USD,80.39827771797633,0.725377269082161,Electronic technology,Strong buy,280.49,USD
CRL,"Charles River Laboratories International, Inc.",-0.29245985323833423,493938,0.6630110574326896,9031931354.61326,USD,,-3.7603,USD,-478.50769230769237,0,Commercial services,Buy,187.51,USD
BIRK,Birkenstock Holding plc,5.496645747673662,3867346,1.5977570440032582,8965420583.666956,USD,21.931797732589526,2.2228,USD,54.58654982961263,0,Consumer non-durables,Strong buy,48.75,USD
CAMT,Camtek Ltd.,4.952484387727398,538126,1.0540614761788916,8857202899.72783,USD,231.51653090560615,0.8348,USD,-68.4206544354076,0,Electronic technology,Buy,193.27,USD
CORZ,"Core Scientific, Inc.",1.3960323291697376,7293436,0.5542185306147615,8773633629.037474,USD,,-1.1469,USD,77.29495377427594,0,Technology services,Strong buy,27.6,USD
LUMN,"Lumen Technologies, Inc.",0,8446204,0.6234200731366424,8747340453,USD,,-1.7458,USD,-452.1189120809614,0,Communications,Neutral,8.49,USD
QRVO,"Qorvo, Inc.",0.952283432316206,710208,0.507949222814974,8677268235.916649,USD,27.216762367491167,3.6224,USD,515.9496684237375,0,Electronic technology,Neutral,98.59,USD
GGB,Gerdau S.A.,1.9313304721030013,18981690,0.9529060534950571,8603263321.1498,USD,31.879194630872483,0.149,USD,-47.256637168141594,2.40173819742489,Non-energy minerals,Strong buy,4.75,USD
CRUS,"Cirrus Logic, Inc.",0.7119621923525419,420374,0.7269677982114172,8278786558.316147,USD,20.92077415406584,7.8434,USD,30.61883826272315,0,Electronic technology,Buy,164.09,USD
BRKR,Bruker Corporation,-1.7216382747372287,2371592,0.6749927052954148,8255196053.079375,USD,,-0.2404,USD,-145.78175585602744,0.362450163102573,Health technology,Buy,54.23,USD
ENS,EnerSys,0.601112506728873,627726,1.3167462757887094,8189475632.983492,USD,29.066542240194934,7.7154,USD,-14.410276890308843,0.460927687062623,Producer manufacturing,Buy,224.26,USD
MTCH,"Match Group, Inc.",0.9256580850448374,2751523,0.9727447782266503,8138668994.423779,USD,13.315777421570873,2.6202,USD,29.26492353231376,2.22736476713914,Technology services,Buy,34.89,USD
VSH,"Vishay Intertechnology, Inc.",1.3310580204778175,7759331,0.717303654566769,8081979488.416384,USD,3711.25,0.016,USD,,0.68259385665529,Electronic technology,Buy,59.38,USD
CLF,Cleveland-Cliffs Inc.,0.5105762217359483,13933504,0.6860669042149149,7860314214.212983,USD,,-2.3386,USD,3.8760327181552903,0,Non-energy minerals,Neutral,13.78,USD
MXL,"MaxLinear, Inc",4.1558761869527565,2842546,0.5621416750894266,7563051395.806635,USD,,-1.5146,USD,42.61574600287945,0,Electronic technology,Buy,84.46,USD
OSCR,"Oscar Health, Inc.",-2.248356969906602,5814966,0.6598321424872667,7514390707.683155,USD,,-0.6096,USD,-318.80832735104093,0,Health services,Neutral,28.26,USD
PRAX,"Praxis Precision Medicines, Inc.",7.500604887490924,423174,0.6346583440128559,7431923107.958384,USD,,-13.3803,USD,-24.902451319007525,0,Health technology,Strong buy,266.58,USD
AVT,"Avnet, Inc.",2.3731495084190404,1271861,0.7773876967641491,7430561080.424907,USD,35.284723845135154,2.5674,USD,-28.015476924802336,1.55949824838965,Distribution services,Neutral,90.59,USD
ST,Sensata Technologies Holding plc,1.1033099297893625,1606741,0.6070251498152506,7329775227.490471,USD,155.74783683559951,0.3236,USD,-60.381978452497556,0.962888665997994,Electronic technology,Buy,50.4,USD
KMX,CarMax Inc,-0.6011246848943228,3270612,0.9861128527335737,7269730294.666279,USD,32.19444793367667,1.5922,USD,-50.304316614126535,0,Retail trade,Neutral,51.26,USD
ENPH,"Enphase Energy, Inc.",-0.6189695976697548,5045119,0.671443674990065,7194864748.705078,USD,53.72502706426533,1.0161,USD,-5.470276304772534,0,Producer manufacturing,Neutral,54.59,USD
FLR,Fluor Corporation,1.2163509471585234,2408680,0.8628695862472485,7089643901.324028,USD,40.52694610778443,1.2525,USD,-88.00379281281128,0,Industrial services,Buy,50.76,USD
SYRE,"Spyre Therapeutics, Inc.",0.024761668936498987,958742,0.7984378718961017,7015904098.87904,USD,,-2.3577,USD,22.313750041187518,0,Health technology,Strong buy,80.79,USD
MYRG,"MYR Group, Inc.",4.85555660111039,200513,0.7358507461152902,6940322097.889715,USD,49.13031017834704,9.0722,USD,316.55723403278387,0,Industrial services,Buy,445.72,USD
VFC,V.F. Corporation,0.8576329331046436,14610666,2.2106812069297113,6910817670.380791,USD,27.740210724956754,0.6359,USD,,2.05831903945112,Consumer non-durables,Neutral,17.64,USD
LEGN,Legend Biotech Corporation,-1.1300992282249276,1700480,0.4265954550354447,6738639409,USD,,-1.3602,USD,-13.7671462027434,0,Health technology,Strong buy,35.87,USD
M,Macy's Inc,1.3178913738019244,7707659,0.8639202039569566,6673273387.249202,USD,10.437322581972273,2.4307,USD,22.90539515598927,2.95007987220447,Retail trade,Neutral,25.37,USD
CAR,"Avis Budget Group, Inc.",-1.3132218764833126,279394,0.3325399731986545,6610011308.81156,USD,,-19.0129,USD,69.79240810412325,0,Finance,Neutral,187.12,USD
ETSY,"Etsy, Inc.",0.05760368663595371,2081101,0.6882195592294974,6593390473.437789,USD,28.395112182761864,2.4469,USD,73.82254741777366,0,Retail trade,Buy,69.48,USD
ACMR,"ACM Research, Inc.",2.4536532170119956,2246171,1.3590931049488517,6492836501.488005,USD,71.42857142857143,1.3153,USD,-15.901534526854228,0,Producer manufacturing,Strong buy,93.95,USD
AXTI,AXT Inc,10.00679194023093,10599964,1.1860875132355508,6357825074.4072895,USD,,-0.3174,USD,25.59774964838255,0,Electronic technology,Buy,97.18,USD
LQDA,Liquidia Corporation,-0.5514834205933626,1693985,0.7398486537517821,6334348604.271135,USD,503.0367231638418,0.1416,USD,,0,Health technology,Strong buy,71.23,USD
GTX,Garrett Motion Inc.,0.4790419161676758,2250360,0.7010161987337749,6282046584.500599,USD,19.492362200151014,1.7217,USD,33.289463497716184,0.838323353293413,Producer manufacturing,Buy,33.56,USD
VSXY,Victorias Secret & Co.,0.12693577050011973,1188212,0.2942752039262979,6270306943.088094,USD,32.3013923013923,2.442,USD,22.596515889351885,0,Retail trade,Buy,78.88,USD
CROX,"Crocs, Inc.",-0.9215857630889097,843940,0.6640338945736627,6196796096.442281,USD,,-1.3786,USD,-108.44932306127075,0,Consumer non-durables,Buy,124.71,USD
CENX,Century Aluminum Company,0.4102395799146702,1285658,0.6380482005405795,6056221664.641615,USD,18.295709373598445,3.3445,USD,194.90344766775414,0,Non-energy minerals,Strong buy,61.19,USD
LUNR,"Intuitive Machines, Inc.",-13.120104438642297,22300986,1.5672495642588784,5777097741.127937,USD,,-0.8716,USD,59.0605918271489,0,Electronic technology,Buy,26.62,USD
ACLS,"Axcelis Technologies, Inc.",3.7736936106470083,641307,1.0501187572611408,5535789626.961802,USD,56.115645834631444,3.2098,USD,-41.20276236009599,0,Producer manufacturing,Neutral,180.12,USD
SPHR,Sphere Entertainment Co.,1.644889566889958,555202,0.7276889497449494,5485155321.87272,USD,79.53601826863192,1.9268,USD,,0,Consumer services,Strong buy,153.25,USD
NVTS,Navitas Semiconductor Corporation,5.312922107158935,28834104,0.7408463254114971,5466550710.667717,USD,,-0.6271,USD,-19.24320212968244,0,Electronic technology,Neutral,23.39,USD
SEI,"Solaris Energy Infrastructure, Inc.",-2.669647553918991,1562045,0.6935758653563817,5442842814.605207,USD,89.27623642943307,0.829,USD,67.71191584058262,0.631246712256707,Industrial services,Strong buy,74.01,USD
BB,BlackBerry Limited,-1.0764262648008573,22202931,0.40634270745550705,5385904855.266203,USD,105.5178728790936,0.08709425000000001,USD,,0,Technology services,Neutral,9.19,USD
MARA,"MARA Holdings, Inc.",3.4533431300514374,41808577,1.0584420933735168,5368288614.136663,USD,,-5.7231,USD,-297.5203167326526,0,Technology services,Buy,14.08,USD
SYNA,Synaptics Incorporated,1.7342739564961678,513583,0.540909818101468,5349001027.164021,USD,,-1.2393,USD,-130.03344319503685,0,Electronic technology,Buy,138.44,USD
ALK,"Alaska Air Group, Inc.",1.4144877839691463,3113231,0.8972572566744949,5272819220.218603,USD,88.44859813084112,0.535,USD,-80.56241825316087,0,Transportation,Buy,47.32,USD
CVLT,"Commvault Systems, Inc.",0.7332650003942339,786335,0.9823551237477497,5270180491.922731,USD,80.75853350189634,1.582,USD,-6.229624799952579,0,Technology services,Buy,127.76,USD
FLY,Firefly Aerospace Inc.,-19.05003810007619,14603587,1.589563231748764,5234176135.657354,USD,,-2.3696,USD,-21.52418072721679,0,Electronic technology,Buy,31.87,USD
HNGE,"Hinge Health, Inc.",0.9111969111969164,1222840,0.5490975144720495,5056017612.966487,USD,,-6.6871,USD,-484.05122903744547,0,Technology services,Strong buy,65.34,USD
ZETA,Zeta Global Holdings Corp.,0.7477567298105791,9629610,0.9260600713433644,5037496212.867398,USD,,-0.1046,USD,64.05498281786942,0,Technology services,Strong buy,20.21,USD
ALM,Almonty Industries Inc.,3.573520796719387,5839518,0.9361680597564355,5016556084.948696,USD,,-0.527759172,USD,-192.2433910617194,0,Non-energy minerals,Strong buy,17.68,USD
IRDM,Iridium Communications Inc,-5.189340813464229,3675183,1.3603050188684342,5003036881.122019,USD,47.73048214645956,0.9914,USD,-6.893313298271978,1.14205570026047,Communications,Buy,47.32,USD
USAR,"USA Rare Earth, Inc.",-2.5265957446808525,14346173,0.7981637958681261,4904547331.878989,USD,,-3.8839,USD,-581.3359771966788,0,Producer manufacturing,Strong buy,21.99,USD
UCTT,"Ultra Clean Holdings, Inc.",3.8824763903462824,1022195,0.71346972802655,4881807407.974817,USD,,-4.292,USD,-794.7232113952734,0,Producer manufacturing,Strong buy,108.9,USD
TVTX,"Travere Therapeutics, Inc.",6.39950930280107,2389044,1.1258340750003748,4839350743.69495,USD,,-0.5348,USD,80.93336660843524,0,Health technology,Strong buy,52.04,USD
ONDS,Ondas Inc,-5.0864699898270604,55365214,0.7475464372492401,4800247947.656154,USD,46.603396603396604,0.2002,USD,,0,Electronic technology,Strong buy,9.33,USD
TWST,Twist Bioscience Corporation,2.8629304523970354,2612144,1.4888001889509301,4743206084.379744,USD,,-1.3287,USD,59.20353710583684,0,Health technology,Strong buy,76.17,USD
VECO,Veeco Instruments Inc.,8.287910552061506,1918226,1.0816180317299644,4728874651.972608,USD,202.03389830508476,0.3835,USD,-63.96015412085331,0,Electronic technology,Neutral,77.48,USD
FLNC,"Fluence Energy, Inc.",-2.3476112026359153,9317433,0.5132816259777073,4370006172.606671,USD,,-0.3694,USD,-25.00846023688664,0,Producer manufacturing,Neutral,23.71,USD
BTDR,Bitdeer Technologies Group,1.0198300283286104,8355268,0.641034000787522,4338282264.842493,USD,,-2.4604,USD,-28.641639652828598,0,Technology services,Strong buy,17.83,USD
CLSK,"CleanSpark, Inc.",1.9171304885590517,19500841,0.8084881910819149,4228909947.12183,USD,,-2.1014,USD,-126.29765237992679,0,Technology services,Strong buy,16.48,USD
MIAX,"Miami International Holdings, Inc.",4.894596559243993,3288607,1.6562013190356886,4108527938.3726673,USD,64.30481283422459,0.6732,USD,-37.10174717368962,0,Finance,Buy,43.29,USD
ANF,Abercrombie & Fitch Company,-0.055175457956313574,1100959,0.7725616579439735,4024180032.468108,USD,8.694608709008524,10.4168,USD,2.600267906390367,0,Retail trade,Buy,90.57,USD
PLUG,"Plug Power, Inc.",-2.4734982332155577,49731723,0.7928698449613555,3850390589.215547,USD,,-1.2976,USD,42.86720676294469,0,Electronic technology,Neutral,2.76,USD
PVH,PVH Corp.,0.18335166850017293,692896,0.3695602815287969,3779019210.782544,USD,26.014092553799276,3.1506,USD,-55.59408033826638,0.183351668500183,Consumer non-durables,Buy,81.96,USD
CAKE,The Cheesecake Factory Incorporated,0.4001066951186945,1824753,1.4230619016676958,3740314351.7972794,USD,22.054256752797794,3.4134,USD,7.157656809191945,1.52040544145105,Consumer services,Neutral,75.28,USD
AAP,Advance Auto Parts Inc.,0.2969317057076868,1281035,0.6560334454227094,3666239888.670406,USD,83.97790055248619,0.724,USD,,1.64962058726493,Retail trade,Neutral,60.8,USD
TXG,"10x Genomics, Inc.",-0.7228915662650631,2005759,0.6082199553653613,3661416461.522891,USD,,-0.1744,USD,86.53489808523781,0,Health technology,Buy,28.84,USD
DAVE,Dave Inc.,0.47297060575271205,787531,0.9942294040703601,3646191547.474687,USD,18.43876783406523,15.5531,USD,327.92956390149953,0,Finance,Strong buy,286.78,USD
ADEA,Adeia Inc.,-2.145922746781103,1290499,0.4184891469676653,3520576287.6566525,USD,29.574724358380436,1.0793,USD,61.83835657519866,0.613120784794605,Technology services,Strong buy,31.92,USD
AEHR,Aehr Test Systems,5.280015529457438,1408832,0.6816634047916926,3411734496.522469,USD,,-0.3783,USD,-148.74371859296483,0,Electronic technology,Buy,108.47,USD
KEEL,Keel Infrastructure Corp.,1.2681159420289907,54754070,0.8855350201708589,3375401936.786232,USD,,-0.6507,USD,-186.14775725593665,0,Technology services,Strong buy,5.59,USD
INOD,Innodata Inc.,-4.2331055429005255,784371,0.42264768388965773,3294925576.346812,USD,90.99107223374516,1.1089,USD,6.635253389749009,0,Technology services,Strong buy,100.9,USD
PENG,"Penguin Solutions, Inc.",-0.3108969376651684,1394217,0.4023785587427148,3254437844.9107723,USD,91614.28571428571,0.0007,USD,,0,Electronic technology,Strong buy,64.13,USD
HIMX,"Himax Technologies, Inc.",0.11312217194569894,2045535,0.37151728258655736,3083392053,USD,95.88299024918743,0.1846,USD,-63.116883116883116,2.03619909502262,Electronic technology,Neutral,17.7,USD
ICHR,Ichor Holdings,3.2841504045692416,1125968,0.9080955388821108,3026460319.052831,USD,,-1.4759,USD,-203.9332784184514,0,Producer manufacturing,Strong buy,86.8,USD
RDW,Redwire Corporation,-11.527208894090114,64219242,1.2026296303505473,3007651250.064365,USD,,-2.6879,USD,-18.97574362606233,0,Electronic technology,Buy,15.12,USD
TENB,"Tenable Holdings, Inc.",-0.2605135839225913,1431535,0.36299190825492894,2955289164.1384444,USD,,-0.0972,USD,74.14893617021276,0,Technology services,Buy,26.8,USD
COHU,"Cohu, Inc.",4.712310056342834,1168696,0.6336181127679285,2893263978.3266177,USD,,-1.1864,USD,35.48667754214247,0,Electronic technology,Strong buy,61.33,USD
OUST,"Ouster, Inc.",0.479676849280479,4652159,1.0514153936055517,2534183478.8285785,USD,,-0.9742,USD,50.41734527687297,0,Electronic technology,Buy,39.8,USD
VOYG,"Voyager Technologies, Inc.",-14.03801963651556,3797164,1.3502720376606148,2438637335.390641,USD,,-2.1503,USD,-20.898459462498604,0,Technology services,Buy,41.15,USD
TE,T1 Energy Inc.,0.35419126328216477,30586409,0.7854901190434342,2373806654.1322308,USD,,-2.0321,USD,34.17233560090704,0,Producer manufacturing,Strong buy,8.5,USD
AMPX,"Amprius Technologies, Inc.",-4.6198830409356875,6504502,0.8407455151679001,2309939140.7923975,USD,,-0.3046,USD,25.87004137259674,0,Producer manufacturing,Strong buy,16.31,USD
POET,POET Technologies Inc.,11.377777777777773,34151290,0.8941329663946759,2162620527.9528885,USD,,-0.7242,USD,-11.175928768805646,0,Producer manufacturing,No rating,12.53,USD
WOLF,"Wolfspeed, Inc.",-5.270092226613963,6890645,0.8565289132059437,2085347987.7417657,USD,,-17.2532,USD,-106.57319715999569,0,Electronic technology,Neutral,43.14,USD
KSS,Kohl's Corporation,4.272517321016157,4893519,0.7794945635741813,2048003854.0184755,USD,7.668464184111077,2.3551,USD,118.24668705402652,11.5473441108545,Retail trade,Neutral,18.06,USD