Symbol,Description,"Price change %, 1 day","Volume, 1 day","Relative volume, 1 day",Market capitalization,Market capitalization - Currency,Price to earnings ratio,"Earnings per share diluted, Trailing 12 months","Earnings per share diluted, Trailing 12 months - Currency","Earnings per share diluted growth %, TTM YoY","Dividend yield %, Trailing 12 months",Sector,Analyst rating,Price,Price - Currency,Industry
AAPL,Apple Inc.,-1.407492829474553,64767169,1.2804319028454627,4897205294913.617,USD,40.335087400955665,8.2665,USD,29.004822172630675,0.310476359442917,Electronic technology,Buy,333.43,USD,Telecommunications equipment
NVDA,NVIDIA Corporation,2.6472290932056217,127646581,1.010042969969276,4719967863545.907,USD,29.86921498361359,6.5298,USD,110.33338701884364,0.147360665228146,Electronic technology,Strong buy,195.04,USD,Semiconductors
GOOG,Alphabet Inc.,-0.6194901119847462,17109937,0.742129471109053,4087234798517.36,USD,16.76337457862981,19.9053,USD,112.01789423230548,0.253157016916845,Technology services,Strong buy,333.68,USD,Internet software/Services
GOOGL,Alphabet Inc.,-0.9058240028511048,29676018,0.8595085473520196,4075458708375.9165,USD,16.762369821102922,19.9053,USD,112.01789423230548,0.252442754892935,Technology services,Strong buy,333.66,USD,Internet software/Services
MSFT,Microsoft Corporation,15.506734265376146,109541951,3.4695676807842752,3350966907986.0483,USD,25.1373611064674,17.9454,USD,31.54908515130189,0.911558355098069,Technology services,Strong buy,451.1,USD,Packaged software
AMZN,"Amazon.com, Inc.",3.904698874917271,94422857,2.420313369217094,2533299189593.0903,USD,28.14393441447471,8.3677,USD,36.47513577870922,0,Retail trade,Strong buy,235.5,USD,Internet retail
AVGO,Broadcom Inc.,4.731043421905374,23431613,1.2526385726108094,1845179893994.3174,USD,64.56467454636258,6.007,USD,125.81008946695735,0.685893281486282,Electronic technology,Strong buy,387.84,USD,Semiconductors
TSM,Taiwan Semiconductor Manufacturing Company Ltd.,7.644060106226809,17282249,1.0380851695103723,1760828610543.75,USD,29.10829634441197,13.8555,USD,57.78415496566567,0.7370723570075,Electronic technology,Strong buy,403.31,USD,Semiconductors
MU,"Micron Technology, Inc.",18.357239512855205,60868005,1.246814833681863,987834939462.6316,USD,19.801186721935338,44.1721,USD,697.287150515315,0.0669824086603518,Electronic technology,Strong buy,874.66,USD,Semiconductors
AMD,"Advanced Micro Devices, Inc.",12.997020206723157,36311734,1.2467702775424634,791477213909.4386,USD,159.306180051856,3.0469,USD,123.34701656648583,0,Electronic technology,Buy,485.39,USD,Semiconductors
ASML,ASML Holding N.V. - New York Registry Shares,6.4971077391354815,2164573,1.0596785754953788,596376916255.5939,USD,51.413094237414775,32.121,USD,23.100094276713666,0.481580328756876,Electronic technology,Strong buy,1651.44,USD,Semiconductors
INTC,Intel Corporation,11.297020029311188,136466636,1.0745440199379561,459659704580.9108,USD,,-2.1201,USD,55.48626858150668,0,Electronic technology,Buy,91.13,USD,Semiconductors
AMAT,"Applied Materials, Inc.",14.966204605338525,12048537,1.5461100812368411,398385025111.6104,USD,47.1455416705816,10.643,USD,29.538345443701996,0.437621720701111,Producer manufacturing,Strong buy,501.77,USD,Industrial machinery
UNH,UnitedHealth Group Incorporated,0.21399529210358184,3549674,0.552004999416376,382755605078.56476,USD,27.102437142305963,15.551,USD,-32.64203819448956,2.12806429369665,Health services,Buy,421.47,USD,Managed health care
LRCX,Lam Research Corporation,17.978997424212416,22008253,1.938953839650081,372320020499.4361,USD,51.67852803332755,5.761,USD,38.53886110042323,0.412126015454726,Producer manufacturing,Strong buy,297.72,USD,Industrial machinery
HSBC,"HSBC Holdings, plc.",4.3762183235867536,1678743,1.2458065401869367,355225799305.188,USD,17.697608699244768,6.0511,USD,11.526623292847004,3.635477582846,Finance,Buy,107.09,USD,Major banks
MS,Morgan Stanley,3.41160832964112,6830643,1.1303788640175993,331324476601.6535,USD,16.978935967280428,12.3718,USD,40.177660948582584,1.96918229705115,Finance,Buy,210.06,USD,Investment managers
GS,"Goldman Sachs Group, Inc. (The)",4.49757838388987,2303967,1.1067563978425434,302341300127.68536,USD,15.818108574894696,64.7903,USD,42.76022386744228,1.73336732092786,Finance,Neutral,1024.86,USD,Investment banks/Brokers
PANW,"Palo Alto Networks, Inc.",3.670221231895601,6774600,1.1018927797136164,265429194843.4432,USD,267.89503989471086,1.2157,USD,-30.432045779685268,0,Technology services,Buy,325.68,USD,Packaged software
DELL,Dell Technologies Inc.,9.514662915268914,5846299,0.9517059800217732,262430659374.15735,USD,32.16837119857598,12.5841,USD,100.63934948979589,0.596526349962125,Electronic technology,Buy,404.81,USD,Computer processing hardware
TXN,Texas Instruments Incorporated,2.7497235532620636,9228656,1.009389620268214,254576912007.21033,USD,42.40792296106978,6.5733,USD,20.161231354197135,2.07150755621084,Electronic technology,Buy,278.76,USD,Semiconductors
MUFG,"Mitsubishi UFJ Financial Group, Inc.",2.55241567912488,4518471,1.3222040793322858,249455872218,USD,15.919060421678223,1.4134,USD,34.72500238299496,2.21455332725615,Finance,Buy,22.5,USD,Major banks
ARM,Arm Holdings plc,7.403619547334256,12712307,2.193883158972559,239282959351,USD,285.37334593572774,0.8464,USD,13.595490538182803,0,Electronic technology,Buy,241.54,USD,Semiconductors
KLAC,KLA Corporation,5.958046888771381,17428984,1.3689285344347146,235560622557.12747,USD,49.12151671161233,3.6711,USD,20.77178668947594,0.470062870908984,Electronic technology,Buy,180.33,USD,Semiconductors
NVO,Novo Nordisk A/S,0.05816207832493434,10576406,1.2482922357114412,229124507324.35107,USD,12.112180239380427,4.261,USD,26.379167160991816,2.38585498255138,Health technology,Buy,51.61,USD,Pharmaceuticals: major
C,"Citigroup, Inc.",4.082435302446314,10158621,0.8562468403173746,226916551620.6466,USD,14.28340115933894,9.2639,USD,36.96699982257968,1.8878313537324,Finance,Buy,132.32,USD,Major banks
ANET,"Arista Networks, Inc.",8.261062227005135,7237523,1.138951463920548,215348836596.19675,USD,58.56047116833311,2.9204,USD,23.546831373212623,0,Electronic technology,Strong buy,171.02,USD,Computer peripherals
BHP,BHP Group Limited,3.356996751293474,2408619,0.9927783630926116,212506481064.12448,USD,21.304035118176635,4.0321,USD,-9.901233464426177,3.16448080856696,Non-energy minerals,Neutral,85.9,USD,Steel
SAN,"Banco Santander, S.A. Sponsored",5.455904334828091,13689586,1.402161676322378,201009578677.03674,USD,11.118115199747853,1.2691,USD,38.608562691131496,1.497533632287,Finance,Buy,14.11,USD,Major banks
APH,Amphenol Corporation,6.326924356330245,10750607,1.5517924204084816,196616074128.1007,USD,40.03306447572767,3.9922,USD,59.27388789148215,0.608741933337769,Electronic technology,Strong buy,159.82,USD,Electronic components
STX,Seagate Technology Holdings PLC,11.413733108329083,7302809,1.1764216447977485,190971343220.98862,USD,61.37570713076064,13.8765,USD,104.87966927506275,0.384600290412464,Electronic technology,Buy,851.68,USD,Computer peripherals
SNDK,Sandisk Corporation,25.993956038547484,23524504,1.3527973803033873,189548981485.9471,USD,44.4938836379058,28.7671,USD,,0,Electronic technology,Buy,1279.96,USD,Computer peripherals
CRWD,"CrowdStrike Holdings, Inc.",3.2556583788605216,8682115,1.1123195457758142,188601988483.56137,USD,,-0.0471,USD,73.039496279336,0,Technology services,Buy,185.22,USD,Packaged software
WDC,Western Digital Corporation,15.366634923383243,8280950,1.07522172475695,183729365389.91513,USD,31.819294297431366,16.7521,USD,218.5112653294039,0.108215738897065,Electronic technology,Buy,533.04,USD,Computer peripherals
ADI,"Analog Devices, Inc.",3.763760364490481,6216235,1.4863443568524328,178600201071.0547,USD,54.48938952624384,6.7292,USD,83.19222497481829,1.18289611455415,Electronic technology,Buy,366.67,USD,Semiconductors
BA,Boeing Company (The),3.2194757254333983,5607145,0.8529030116158979,174592727439.56683,USD,100.60114764550505,2.1958,USD,,0,Electronic technology,Buy,220.9,USD,Aerospace & defense
UBS,UBS Group AG Registered,3.0694980694980765,2682830,1.3740804652686454,161660799892.95187,USD,18.554335427771086,2.8774946000000003,USD,40.302428143958316,0,Finance,Neutral,53.39,USD,Investment managers
SMFG,Sumitomo Mitsui Financial Group Inc Unsponsored,3.285256410256411,1936371,1.1099803887534672,160606047922.46307,USD,15.632769389363895,1.6491,USD,39.31739461012081,1.92954326923077,Finance,Buy,25.78,USD,Major banks
MRVL,"Marvell Technology, Inc.",12.178702570379441,28607605,1.185100949392972,160527978507.35803,USD,62.63668671405139,2.9264,USD,,0.1468788249694,Electronic technology,Strong buy,183.3,USD,Semiconductors
RIO,Rio Tinto Plc,3.7582746102925584,3356846,1.132314583497915,159694145937.92517,USD,13.187678111005566,7.369,USD,16.873641972371562,4.26542814435191,Non-energy minerals,Buy,97.18,USD,Other metals/Minerals
SCCO,Southern Copper Corporation,5.431127828118767,949500,0.7256877964992576,154350771947.54086,USD,27.379824769121477,6.7568,USD,55.9165589809858,2.06244879466575,Non-energy minerals,Sell,185,USD,Other metals/Minerals
RYCEY,Rolls Royce Holdings plc,6.044252563410671,8561851,3.101340547172638,153595238074.488,USD,21.780093105741518,0.9022,USD,137.0467682606411,0.768208092485549,Electronic technology,Strong buy,19.65,USD,Aerospace & defense
IBKR,"Interactive Brokers Group, Inc.",4.892186413169486,4946197,1.0246059489533308,153473272165.19998,USD,36.06792633341306,2.5086,USD,31.567629936539564,0.379666125666589,Finance,Buy,90.48,USD,Investment banks/Brokers
BBVA,Banco Bilbao Vizcaya Argentaria S.A.,7.560405300077948,3161146,2.982215739617137,145599256018.3464,USD,12.61483614424791,2.1879,USD,13.239480358159517,3.38441153546376,Finance,Buy,27.6,USD,Major banks
COF,Capital One Financial Corporation,0.6851612284988637,4096220,0.8332582030840614,128917700491.43518,USD,74.07642413987591,2.8368,USD,-76.17936014778739,1.43740117866897,Finance,Strong buy,210.14,USD,Major banks
MFG,"Mizuho Financial Group, Inc. Sponosred",5.504587155963294,4429392,1.0391327291647927,121000674439.125,USD,15.450067174205104,0.6699,USD,46.0750109027475,1.42106014271152,Finance,Buy,10.35,USD,Major banks
SBUX,Starbucks Corporation,1.6420203572114402,23397070,3.3362231400583124,120637239124.0748,USD,61.03326990716715,1.7343,USD,-24.99351267191419,2.37180718263876,Consumer services,Neutral,105.85,USD,Restaurants
SNOW,Snowflake Inc.,5.372923294450352,6354111,1.4265605579195695,103321459590.09933,USD,,-3.5146,USD,16.45828381269312,0,Technology services,Strong buy,298.1,USD,Packaged software
DDOG,"Datadog, Inc.",1.6502649507948577,4070508,1.09127745161948,95596674833.16519,USD,716.7333867093676,0.3747,USD,-18.825823223570197,0,Technology services,Strong buy,268.56,USD,Packaged software
ITUB,Itau Unibanco Banco Holding SA,3.5582822085889463,12742330,0.6370015976518157,92208660037.1048,USD,11.561643835616438,0.73,USD,7.892403192432752,6.53346784484785,Finance,Buy,8.44,USD,Major banks
ING,"ING Group, N.V.",7.474623192863734,2885990,1.3779320129044783,91858460825.27513,USD,13.8173765175782,2.5287,USD,,3.30907105505998,Finance,Buy,34.94,USD,Major banks
CDNS,"Cadence Design Systems, Inc.",0.01803101334295056,2667393,0.8655089245742718,91797086983.05698,USD,66.21702280052524,5.0262,USD,35.99761891877266,0,Technology services,Strong buy,332.82,USD,Packaged software
ABNB,"Airbnb, Inc.",-0.6078034115417152,3054978,0.8461090722489846,91659357338.56456,USD,37.45905071553487,4.0599,USD,2.1538384117957854,0,Technology services,Buy,152.08,USD,Internet software/Services
FCX,"Freeport-McMoRan, Inc.",5.750958493082173,14847889,0.9529105476966838,91198797180.63142,USD,31.23892062241481,2.0308,USD,53.82517800333284,1.00016669444907,Non-energy minerals,Buy,63.44,USD,Other metals/Minerals
UPS,"United Parcel Service, Inc.",0.6790359602142251,5793528,0.9262504816687067,89480155859.4847,USD,19.596418399448982,5.3719,USD,-20.137071836346333,6.27390971690895,Transportation,Buy,105.27,USD,Air freight/Couriers
BCS,Barclays PLC,6.333973128598842,4813859,0.6877537809350039,88713301665.1644,USD,10.222156616724481,2.7098,USD,22.921297346337045,1.7158310940499,Finance,Strong buy,27.7,USD,Investment banks/Brokers
CMI,Cummins Inc.,4.4521452145214555,1054303,1.1080691757746057,87344314849.92986,USD,32.85528166638119,19.2657,USD,-4.155514651012388,1.32013201320132,Producer manufacturing,Buy,632.98,USD,Auto parts: OEM
LYG,Lloyds Banking Group Plc,6.473594548551957,14643884,0.8338866949584881,86342713419.18599,USD,14.905795373241116,0.4193,USD,,3.33105621805792,Finance,Buy,6.25,USD,Major banks
DASH,"DoorDash, Inc.",2.066863018653439,3397166,0.9685191905536673,86067524421.61583,USD,94.08878727255406,2.0994,USD,174.50313807531379,0,Transportation,Buy,197.53,USD,Air freight/Couriers
EMR,Emerson Electric Company,1.9968434776641713,2831261,0.9931047840824082,83253257930.16785,USD,34.293097083794756,4.3344,USD,3.4463007159904335,1.50449461332601,Electronic technology,Buy,148.64,USD,Electronic equipment/Instruments
GM,General Motors Company,-1.1185682326621922,6221849,0.6809631539318888,77566717290.93512,USD,44.587914859275706,1.9826,USD,-68.57106623125456,0.738255033557047,Consumer durables,Buy,88.4,USD,Motor vehicles
FDX,FedEx Corporation,-0.0194420141926711,1536025,0.9759636642442272,72997123332.15273,USD,16.64508820197443,18.537,USD,9.927059242127733,1.80486698421957,Transportation,Buy,308.55,USD,Air freight/Couriers
NWG,NatWest Group plc,5.403868031854397,4893434,1.190883986841814,70635902440.1688,USD,9.914392723381487,1.869,USD,25.88401697312589,4.86344141069397,Finance,Buy,18.53,USD,Major banks
DB,Deutsche Bank AG,4.398082886946722,2206935,1.1035495489089613,69367521968.1177,USD,9.812033786136567,3.7739372700000002,USD,14.97663972190941,3.19846473692628,Finance,Buy,37.03,USD,Investment banks/Brokers
ASX,"ASE Technology Holding Co., Ltd.",11.728791773778926,13710435,1.4439965142966917,67728518463.10271,USD,51.61817102137768,0.6736,USD,43.41068767298275,0.839543701799486,Electronic technology,Buy,34.77,USD,Semiconductors
MPWR,"Monolithic Power Systems, Inc.",5.398955764118011,1699856,1.9063623166821284,64663925311.93706,USD,94.8256484149856,13.88,USD,-63.151159888922514,0.570165604279445,Electronic technology,Buy,1316.18,USD,Semiconductors
NXPI,NXP Semiconductors N.V.,1.7345837828865496,7637842,1.7741786669719242,61820566652.02872,USD,23.458715684116854,10.4507,USD,13.848248815294934,1.68312723047556,Electronic technology,Buy,245.16,USD,Semiconductors
BE,Bloom Energy Corporation,26.48549618320611,34388202,1.8127512829865828,61002503437.420944,USD,282.21828587000954,0.7339,USD,15514.893617021275,0,Electronic technology,Buy,207.12,USD,Electronic production equipment
VALE,VALE S.A.,2.3208191126279853,24225317,1.2694988142957633,60886116519.7222,USD,22.878510378510377,0.6552,USD,-51.75612988734262,6.20166552901024,Non-energy minerals,Buy,14.99,USD,Steel
F,Ford Motor Company,-2.7486910994764395,58008270,0.9597377398789684,59214729927.251305,USD,,-1.7311,USD,-320.88809493428613,3.92670157068063,Consumer durables,Buy,14.86,USD,Motor vehicles
DAL,"Delta Air Lines, Inc.",2.7130434782608734,5537827,0.8947472302119531,58258820315.87375,USD,14.717658199458409,6.0193,USD,-12.686577989236861,0.869565217391304,Transportation,Strong buy,88.59,USD,Airlines
TER,"Teradyne, Inc.",14.426599041983652,7214828,1.7846248982751924,57214594727.10904,USD,50.11105626850938,7.2936,USD,152.99524784071596,0.15653861807708,Electronic technology,Buy,365.49,USD,Electronic production equipment
LITE,Lumentum Holdings Inc.,15.08923383414958,5502777,1.2161678688202278,53934071929.79557,USD,128.66130918134408,5.3881,USD,,0,Producer manufacturing,Strong buy,693.24,USD,Electrical products
KEYS,Keysight Technologies Inc.,5.382178484766773,1280012,1.0193929731034093,53437273615.82374,USD,51.5190957920058,6.0694,USD,42.551142635695335,0,Electronic technology,Buy,312.69,USD,Electronic equipment/Instruments
CIEN,Ciena Corporation,12.622211459878315,2458596,1.0624996812841496,52667593228.713234,USD,123.84582098991444,3.0043,USD,318.48446858894005,0,Electronic technology,Buy,372.07,USD,Telecommunications equipment
ALAB,"Astera Labs, Inc.",20.000800832866176,6279647,1.453789782311449,51369247785.49499,USD,202.00188730115934,1.4836,USD,532.3955669224212,0,Electronic technology,Buy,299.69,USD,Semiconductors
CMG,"Chipotle Mexican Grill, Inc.",12.500000000000004,35341015,2.13278284815808,49410916440.75001,USD,35.531777511299694,1.0841,USD,-4.172191284363114,0,Consumer services,Buy,38.52,USD,Restaurants
MT,Arcelor Mittal NY Registry Shares NEW,5.540334855403349,1774848,1.1002378329000402,49257797401.08186,USD,16.765395681713773,4.1359,USD,149.60168980084492,0.743911719939117,Non-energy minerals,Buy,69.34,USD,Steel
XYZ,"Block, Inc.",0.49890484302749644,3692390,0.8473908980690227,49156226039.12862,USD,64.1625233064015,1.2872,USD,-68.69116824362123,0,Commercial services,Strong buy,82.59,USD,Miscellaneous commercial services
NBIS,Nebius Group N.V.,27.128592632573206,41742420,1.7463338069051342,47418492249.27223,USD,62.866579921929734,2.9973,USD,,0,Technology services,Buy,188.43,USD,Packaged software
VIK,Viking Holdings Ltd,1.743619715565952,1359297,0.6933638258342535,46601111835.973114,USD,38.898406077759574,2.6852,USD,117.98993343075175,0,Consumer services,Buy,104.45,USD,Hotels/Resorts/Cruise lines
TTWO,"Take-Two Interactive Software, Inc.",0.40579474901594775,2194806,1.2891146523620047,46264568456.67459,USD,,-1.6144,USD,93.64199183982105,0,Technology services,Strong buy,247.43,USD,Packaged software
HUM,Humana Inc.,0.3420814974959634,2346860,1.4264132301246297,44021750232.18932,USD,34.7209333156569,10.5602,USD,-18.95098776612891,0.968774800908568,Health services,Buy,366.66,USD,Managed health care
STM,STMicroelectronics N.V.,9.71877584780811,11531151,0.7801722050454877,43890211857.33467,USD,105.59203980099504,0.5025,USD,-26.866540532673568,0.632754342431762,Electronic technology,Buy,53.06,USD,Semiconductors
AXON,"Axon Enterprise, Inc.",-1.1106927710843544,606526,0.8211509673799746,42340274279.407,USD,210.27139540469133,2.4982,USD,-39.52993004623242,0,Electronic technology,Strong buy,525.3,USD,Aerospace & defense
FLEX,Flex Ltd.,8.629392350999806,8154733,1.482895229976303,41002653974.54087,USD,43.211831029423124,2.5898,USD,13.732378902990646,0,Electronic technology,Strong buy,111.91,USD,Electronic production equipment
RVMD,"Revolution Medicines, Inc.",6.21821799690471,1805208,0.9509411968847279,40854662470.01255,USD,,-7.073,USD,-76.93115869521715,0,Health technology,Strong buy,192.17,USD,Pharmaceuticals: other
CLS,"Celestica, Inc.",7.356209846847111,3483214,1.0595072185787275,40541533230.17464,USD,37.62587846005696,9.370944,USD,98.90343083087613,0,Electronic technology,Strong buy,352.59,USD,Electronic components
UAL,"United Airlines Holdings, Inc.",3.466755987271814,3112845,0.6495343944022329,40105570099.31368,USD,11.548311120249734,10.6994,USD,7.196601576980504,0,Transportation,Strong buy,123.56,USD,Airlines
TEVA,Teva Pharmaceutical Industries Limited,2.0167098818784086,8765361,1.5046569747402616,39867094712.71423,USD,59.54262653438708,0.5947,USD,,0,Health technology,Strong buy,35.41,USD,Pharmaceuticals: generic
UMC,United Microelectronics Corporation (NEW),10.695499707773243,23287900,1.3376807224439762,39788047778.78424,USD,17.81749764816557,1.063,USD,117.16036772216545,2.17286382232613,Electronic technology,Sell,18.94,USD,Semiconductors
IQV,"IQVIA Holdings, Inc.",-3.946518015834549,1693411,0.9889671947567675,39140235065.233116,USD,29.496260094024834,8.0617,USD,16.773614148934634,0,Health technology,Buy,237.79,USD,Biotechnology
NTRA,"Natera, Inc.",6.240642975336866,1171489,1.3274975772800084,38619459893.92893,USD,,-1.6413,USD,-11.942436229709456,0,Health technology,Strong buy,269.66,USD,Biotechnology
CRDO,Credo Technology Group Holding Ltd,13.316427162581023,6883352,1.158050499893715,37496973479.26244,USD,81.0871844503589,2.4798,USD,789.7739504843918,0,Technology services,Strong buy,201.08,USD,Information technology services
NTAP,"NetApp, Inc.",0.43295041274606016,1680203,0.7772453211205839,34140837137.511986,USD,27.364811727327062,6.3578,USD,11.901577020557582,1.20071581134907,Electronic technology,Neutral,173.98,USD,Computer peripherals
ON,ON Semiconductor Corporation,6.188181587623632,10342773,1.1865887858187194,32590403058.28024,USD,59.6906408154537,1.4029,USD,-2.6912672539363216,0,Electronic technology,Buy,83.74,USD,Semiconductors
JBL,Jabil Inc.,7.445845232290867,1242960,1.141313689740738,32328913572.394928,USD,38.503875098281476,8.0127,USD,55.77091312039503,0.111443894964129,Producer manufacturing,Buy,308.52,USD,Industrial machinery
ILMN,"Illumina, Inc.",5.271532696848379,2746042,1.846226105318529,31030118792.774204,USD,37.22276670659552,5.5098,USD,,0,Health technology,Buy,205.09,USD,Medical specialties
TECK,Teck Resources Ltd,8.71607515657621,4523701,1.2833329758827527,30661823330.46359,USD,17.439967885229887,3.5831487999999996,USD,1046.4984693457184,0.618276245826635,Non-energy minerals,Neutral,62.49,USD,Other metals/Minerals
CNC,Centene Corporation,-1.5852474927207971,7261044,1.2961413991908872,30054655354.18117,USD,,-10.4394,USD,-358.10710577065714,0,Health services,Buy,60.84,USD,Managed health care
NMR,Nomura Holdings Inc,-1.1375387797311212,1965082,2.14827343963691,27678601008.2916,USD,11.100789595912682,0.8612,USD,4.743371442471409,3.00269906928645,Finance,Buy,9.56,USD,Investment managers
ZM,"Zoom Communications, Inc.",-0.09739205713667722,2603151,0.8557642272576753,27071200952.857914,USD,13.547582361141682,6.8145,USD,104.61506125390343,0,Technology services,Buy,92.32,USD,Packaged software
MTZ,"MasTec, Inc.",12.88010576856168,2506468,1.8794567839395686,25636781080.152946,USD,56.71928812433349,5.7201,USD,111.18289891456841,0,Industrial services,Strong buy,324.44,USD,Engineering & construction
P,"Everpure, Inc.",8.389891696750906,2370574,1.0815984801061445,24950314627.311768,USD,114.10763149893585,0.6578,USD,77.01829924650163,0,Electronic technology,Buy,75.06,USD,Computer peripherals
ATI,ATI Inc.,2.2369604316546865,1689300,1.1452328538446144,24823970682.70965,USD,59.985490040891705,3.0324,USD,9.706595275134763,0,Non-energy minerals,Strong buy,181.9,USD,Other metals/Minerals
HPQ,HP Inc.,-5.455825413586767,17208245,1.1524218690125367,24564079726.727207,USD,9.912902273398288,2.7096,USD,4.43228243274494,4.18655403027103,Technology services,Neutral,26.86,USD,Information technology services
AFRM,"Affirm Holdings, Inc.",4.478676365711026,4026346,1.1041370346113375,24531321389.541435,USD,66.56670301708469,1.1004,USD,,0,Finance,Buy,73.25,USD,Finance/Rental/Leasing
OKTA,"Okta, Inc.",2.5637279964940407,2689737,0.999272688689397,24406030046.480022,USD,101.99012202208017,1.3768,USD,113.75562800807329,0,Technology services,Buy,140.42,USD,Packaged software
GPN,Global Payments Inc.,-1.6200294550809933,2762318,0.8280913570405204,23754515555.676,USD,23.13450728614434,3.7537,USD,-39.404652364117716,1.13288773082588,Finance,Buy,86.84,USD,Finance/Rental/Leasing
TSEM,Tower Semiconductor Ltd.,12.414821124361154,1601294,1.0091006562298224,23598527907.528534,USD,98.07710171853228,2.153,USD,19.213732004429676,0,Electronic technology,Strong buy,211.16,USD,Semiconductors
XPO,"XPO, Inc.",-0.060186578393020634,2370105,2.262097102086121,23395113341.962082,USD,68.27245939834167,2.9186,USD,-10.196923076923074,0,Transportation,Buy,199.26,USD,Trucking
SN,"SharkNinja, Inc.",2.5813340032659298,979874,0.6520883986209884,23114522288.143013,USD,32.92412514110627,4.9608,USD,57.1066632885736,0,Consumer durables,Strong buy,163.33,USD,Electronics/Appliances
MRNA,"Moderna, Inc.",6.294732978528169,4425309,0.9351223401166563,22981860591.198387,USD,,-8.1462,USD,6.610262759664318,0,Health technology,Neutral,57.92,USD,Biotechnology
AXIA,AXIA Energia,4.685942173479568,1449212,0.7061685052624023,22731276066.4934,USD,16.416510318949346,0.6396,USD,-16.173001310615998,8.03076769690927,Utilities,Strong buy,10.5,USD,Electric utilities
LUV,Southwest Airlines Company,2.748986029743125,4011601,0.660013099239664,22307894042.27129,USD,27.663188546469303,1.6484,USD,147.8796992481203,1.62235241099594,Transportation,Neutral,45.6,USD,Airlines
ROKU,"Roku, Inc.",-0.16514140232574767,2722467,1.1666914863915412,21522965391.28934,USD,109.10663257632726,1.3298,USD,,0,Technology services,Buy,145.09,USD,Packaged software
AS,"Amer Sports, Inc.",0.11092623405435148,3705367,0.8526545154377196,20875612397.462563,USD,44.716957760436024,0.8073,USD,116.8412570507655,0,Consumer durables,Strong buy,36.1,USD,Recreational products
VTRS,Viatris Inc.,-0.3367003367003295,5801386,0.6126307135325472,20844592084.794617,USD,,-0.259,USD,91.85252760388815,2.69360269360269,Health technology,Buy,17.76,USD,Pharmaceuticals: major
GH,"Guardant Health, Inc.",5.747206219199001,2615785,1.4097819530491087,20201598009.324287,USD,,-3.4003,USD,-0.6303640130216069,0,Health technology,Strong buy,152.35,USD,Medical specialties
MKSI,MKS Inc.,13.854275843329061,3020453,2.2847401641558966,19810693976.489265,USD,61.305965469671,4.7842,USD,42.58210645526615,0.364892667210124,Producer manufacturing,Buy,293.3,USD,Industrial machinery
MTSI,"MACOM Technology Solutions Holdings, Inc.",8.744698526518297,2388854,1.7091758013709013,18975523097.121902,USD,107.83472077696844,2.3064,USD,,0,Electronic technology,Buy,248.71,USD,Semiconductors
BBY,"Best Buy Co., Inc.",-2.6061883109681805,2286874,0.7816892384037089,18509568134.21027,USD,16.247317398061124,5.4052,USD,32.098343027518446,4.23644227570145,Retail trade,Neutral,87.82,USD,Electronics/Appliance stores
CX,"Cemex, S.A.B. de C.V. Sponsored",1.9658119658119695,7755054,1.0960609539632593,17846814058.164,USD,36.173438447543965,0.3298,USD,-67.6126878130217,0.841282051282051,Non-energy minerals,Buy,11.93,USD,Construction materials
BEN,"Franklin Resources, Inc.",2.4081506637851224,5808783,1.4229439009192306,17236363808.24761,USD,25.33995416348358,1.309,USD,89.572773352643,4.04445816610065,Finance,Neutral,33.17,USD,Investment managers
LSCC,Lattice Semiconductor Corporation,10.242563739376779,1740781,0.8998575502920045,17061588452.362339,USD,876.9718309859156,0.142,USD,-61.776581426648725,0,Electronic technology,Buy,124.53,USD,Semiconductors
GEN,Gen Digital Inc.,-1.230546507419471,3324212,0.8279388941359588,16335168219.459644,USD,17.244865718799367,1.5825,USD,53.596039988352906,1.80962721679334,Technology services,Buy,27.29,USD,Packaged software
JHX,James Hardie Industries plc.,1.0691103474608536,5677249,0.6982944724144946,15361513581.984728,USD,123.05904230590421,0.2151,USD,-78.03308823529413,0,Non-energy minerals,Buy,26.47,USD,Construction materials
SWK,"Stanley Black & Decker, Inc.",2.6867275658248255,3347235,1.6799628878235984,14853779857.774853,USD,23.298627197581137,4.1011,USD,30.0409043345911,3.56797420741537,Consumer durables,Neutral,95.55,USD,Tools & hardware
RBRK,"Rubrik, Inc.",-0.4589069670421337,1954317,0.9449538125989587,14733187876.471424,USD,,-1.4525,USD,48.86643666830951,0,Technology services,Strong buy,71.58,USD,Information technology services
U,Unity Software Inc.,4.0574282147315985,8133432,1.1631665526705768,14554077437.976906,USD,,-1.5681,USD,-39.49826527888977,0,Technology services,Buy,33.34,USD,Packaged software
CRBG,Corebridge Financial Inc.,0.6614173228346484,3971144,1.0950205998967668,14246763982.891338,USD,53.714285714285715,0.595,USD,-52.616070717528075,3.08661417322835,Finance,Strong buy,31.96,USD,Life/Health insurance
DOCN,"DigitalOcean Holdings, Inc.",12.617085050580739,4570176,1.3609391845905927,14055860700.831396,USD,52.554967871661496,2.2877,USD,109.49633699633698,0,Technology services,Buy,120.23,USD,Packaged software
BAX,Baxter International Inc.,7.9935405732741245,22667289,3.8796467685446507,13815545848.274122,USD,,-1.9532,USD,-77.70903466472569,0.80742834073476,Health technology,Neutral,26.75,USD,Medical specialties
AEG,Aegon Ltd. New York Registry Shares,4.656319290465631,5950731,1.0527679424375451,13698962085.991852,USD,13.365425456604841,0.7063,USD,50.46868342564977,4.36732815964523,Finance,Buy,9.44,USD,Multi-line insurance
PINS,"Pinterest, Inc.",-0.0409165302782388,9725635,0.9481393081635956,13684643728.635841,USD,50.663625051845706,0.4822,USD,-82.48965066453627,0,Technology services,Buy,24.43,USD,Internet software/Services
EQH,"Equitable Holdings, Inc.",1.0961737331954522,2535278,1.0206595475250109,13342194459.44819,USD,,-2.8462,USD,-177.37392959086583,2.29576008273009,Finance,Strong buy,48.88,USD,Life/Health insurance
ALLY,Ally Financial Inc.,1.2339930151338627,2157822,0.5428238713985929,13226602169.411873,USD,10.240708464835837,4.2458,USD,175.80875665843834,2.79394644935972,Finance,Buy,43.48,USD,Finance/Rental/Leasing
ELAN,Elanco Animal Health Incorporated,0.2652519893899215,7594464,1.643477783838312,13215435712.137932,USD,,-0.4891,USD,-165.27425597224078,0,Health technology,Strong buy,26.46,USD,Biotechnology
IVZ,Invesco Ltd,4.809405058781622,4390288,0.8072668520794694,13041786738.156752,USD,,-0.6984,USD,-175.01611170784102,3.01033131457072,Finance,Buy,29.42,USD,Investment managers
CORT,Corcept Therapeutics Incorporated,27.29424421732113,4478580,3.6179128929416615,12701840068.335232,USD,282.58896584666826,0.4187,USD,-62.739165257631036,0,Health technology,Buy,118.32,USD,Pharmaceuticals: major
JEF,Jefferies Financial Group Inc.,-0.018148820326675155,1797605,0.9328841635206049,12701124315.343378,USD,15.351818308485441,3.5885,USD,36.0156161164386,0,Finance,Buy,55.09,USD,Investment banks/Brokers
RVTY,"Revvity, Inc.",0.14995148628385085,2036974,1.3593949874322762,12666497308.431156,USD,53.81807839977248,2.1097,USD,-16.586272339079542,0.246978918585164,Health technology,Buy,113.54,USD,Medical specialties
ONTO,Onto Innovation Inc.,14.754248545646103,1474189,1.3493760347856396,12461757666.086575,USD,116.29915045726753,2.1541,USD,-51.202881478796655,0,Electronic technology,Strong buy,250.52,USD,Electronic equipment/Instruments
ALGN,"Align Technology, Inc.",-3.7039093736117366,1534196,1.5759869178979762,12419299341.286427,USD,30.104334843671335,5.7603,USD,-2.832225633413184,0,Health technology,Buy,173.41,USD,Medical specialties
ARWR,"Arrowhead Pharmaceuticals, Inc.",1.275806077476217,1367151,0.49496575501292983,12299634277.064253,USD,,-2.1484,USD,-55.89579856323924,0,Health technology,Strong buy,87.32,USD,Biotechnology
AUR,"Aurora Innovation, Inc.",4.347826086956518,30465692,1.217133060076355,12237907225.043478,USD,,-0.4639,USD,1.1927582534611276,0,Technology services,Buy,6.24,USD,Packaged software
HUT,Hut 8 Corp.,22.782943978226342,5483251,1.1158048423550615,12190564178.213085,USD,,-2.9097,USD,-418.94060995184594,0,Technology services,Strong buy,108.27,USD,Data processing services
TTMI,"TTM Technologies, Inc.",13.50103173823328,3571907,1.2911255148370524,11995719978.638891,USD,62.78741099092244,1.8397,USD,145.6864316239316,0,Electronic technology,Strong buy,115.51,USD,Electronic components
W,Wayfair Inc.,0.842412669886555,1864187,0.548147517811243,11850645868.825565,USD,,-2.3391,USD,18.204706787425252,0,Retail trade,Buy,89.78,USD,Specialty stores
RYAN,"Ryan Specialty Holdings, Inc.",-5.141996557659194,2590186,1.152045472194866,11624743653.640707,USD,59.91303166191059,0.7359,USD,9844.594594594595,1.07573149741824,Finance,Buy,44.09,USD,Insurance brokers/Services
OC,Owens Corning Inc,1.796582826134772,679687,0.7118943087480883,11178941025.704773,USD,,-6.6945,USD,-340.3338718362951,2.1705653736159,Process industries,Buy,138.82,USD,Containers/Packaging
ABVX,Abivax SA,4.619656681252099,1489637,1.4834968067169982,10840455123.390963,USD,,-5.2547,USD,-41.662847437521904,0,Health technology,Strong buy,124.33,USD,Pharmaceuticals: other
BROS,Dutch Bros Inc.,1.2691533818294496,2020468,0.8516918945131372,10781792713.121344,USD,103.21817321344061,0.6339,USD,64.56386292834893,0,Consumer services,Strong buy,65.43,USD,Restaurants
VSAT,"ViaSat, Inc.",10.557059410172384,2198504,1.099622517807375,10689825456.731728,USD,,-0.295,USD,93.37465750348112,0,Electronic technology,Strong buy,77.6,USD,Telecommunications equipment
SMTC,Semtech Corporation,10.68083051665862,2121945,0.9907093611528495,10676055773.55635,USD,,-0.3956,USD,80.79984469035139,0,Electronic technology,Buy,114.61,USD,Semiconductors
SIRI,SiriusXM Holdings Inc.,-4.970849953973625,7774556,2.141241726175706,10425119407.238724,USD,12.873056779449662,2.4058,USD,,3.31389996931574,Consumer services,Neutral,30.97,USD,Broadcasting
GSAT,"Globalstar, Inc.",1.9345806287387177,1509417,1.4216344826209166,10314704976.492172,USD,,-0.1513,USD,75.50987374554873,0,Communications,Buy,80.09,USD,Wireless telecommunications
AAL,"American Airlines Group, Inc.",3.9757412398921823,47303556,0.3995771045177504,10214195810.70081,USD,,-0.4936,USD,-163.46104397017228,0,Transportation,Buy,15.43,USD,Airlines
HBM,Hudbay Minerals Inc.,3.503184713375794,6845374,1.3544964361277432,10103726987.281553,USD,13.763508202687895,1.6529216,USD,121.08299559063627,0.0970873786407767,Non-energy minerals,Strong buy,22.75,USD,Other metals/Minerals
SANM,Sanmina Corporation,11.980469942020138,1488762,1.5867390082372275,9834043041.699604,USD,32.83640854018648,5.5877,USD,19.620226066107215,0,Electronic technology,Buy,183.48,USD,Electronic production equipment
BRKR,Bruker Corporation,4.211208292840948,1901845,0.958592196161488,9794197411.236153,USD,,-0.2404,USD,-145.78175585602744,0.323939099449304,Health technology,Buy,64.34,USD,Medical specialties
LINE,"Lineage, Inc.",-3.3603969327920655,1590875,1.5351264233964315,9755846453.177717,USD,,-0.6191,USD,79.48913331566393,4.78123590437528,Finance,Neutral,42.85,USD,Real estate investment trusts
SARO,"StandardAero, Inc.",0.8701705534284719,2161267,0.5943802882413018,9635037083.260702,USD,32.8869723104857,0.8812,USD,318.2249644043664,0,Transportation,Strong buy,28.98,USD,Other transportation
FLS,Flowserve Corporation,7.692307692307685,3473466,1.6654801772354848,9626425239.846151,USD,26.412315460953113,2.8517,USD,29.30534143466038,1.22962539319417,Producer manufacturing,Buy,75.32,USD,Industrial machinery
AVTR,"Avantor, Inc.",-3.616133518776087,17463852,1.0970050860348166,9462989518.22253,USD,,-0.8468,USD,-184.09136047666337,0,Health technology,Neutral,13.86,USD,Medical specialties
LEVI,Levi Strauss & Co,-0.48642075395217266,1403646,0.5709562108916862,9448081325.421562,USD,20.09001636661211,1.222,USD,20.72712902588421,2.26996351844345,Consumer non-durables,Buy,24.55,USD,Apparel/Footwear
CIFR,Cipher Digital Inc.,28.066704352741663,35547097,1.2018306372797163,9267009777.118711,USD,,-2.2256,USD,-502.3274695534506,0,Technology services,Strong buy,22.655,USD,Data processing services
SNEX,StoneX Group Inc.,7.700846399333998,1021605,0.9207088495768944,9227251566.107952,USD,20.7723392298017,3.7367,USD,42.491610738255034,0,Finance,Buy,77.62,USD,Investment banks/Brokers
MTCH,"Match Group, Inc.",-0.22842639593907693,1578995,0.6669678661974588,9169707463.911676,USD,15.00267155178994,2.6202,USD,29.26492353231376,1.95431472081218,Technology services,Buy,39.31,USD,Internet software/Services
GGB,Gerdau S.A.,2.0576131687242727,8474019,0.5593300753562582,8936536475.007399,USD,33.288590604026844,0.149,USD,-47.256637168141594,2.3029012345679,Non-energy minerals,Strong buy,4.96,USD,Steel
WAL,Western Alliance Bancorporation,0.6815365551424996,721499,0.6252620969751225,8871309850.604088,USD,9.157199531151385,8.8728,USD,16.661407384032817,2.03221809169765,Finance,Buy,81.25,USD,Regional banks
CRNX,"Crinetics Pharmaceuticals, Inc.",-0.2980448259418217,2109625,0.585516720570147,8862105657.566643,USD,,-5.1333,USD,-34.48872121355027,0,Health technology,Neutral,83.63,USD,Pharmaceuticals: major
WULF,TeraWulf Inc.,18.091451292246525,43661780,1.3199078202592578,8830391980.652088,USD,,-2.5116,USD,-663.172288058341,0,Technology services,Strong buy,17.82,USD,Data processing services
SYRE,"Spyre Therapeutics, Inc.",3.7090017369980535,720092,0.7634213530508354,8814386874.481453,USD,,-2.3577,USD,22.313750041187518,0,Health technology,Strong buy,101.5,USD,Pharmaceuticals: major
ESI,Element Solutions Inc.,2.385743029606204,4579228,0.7369219166386318,8680270182.562805,USD,48.535222782395415,0.7339,USD,-25.906108026249374,0.919804541534924,Process industries,Buy,35.62,USD,Chemicals: major diversified
COMP,"Compass, Inc.",-1.2919896640826751,6892962,0.5870052268279303,8678377077.989666,USD,1071.0280373831777,0.0107,USD,,0,Finance,Buy,11.46,USD,Real estate development
VIAV,Viavi Solutions Inc.,8.749612162581448,6222761,1.2512510729191304,8646331504.520634,USD,,-0.25,USD,-1290.4761904761906,0,Technology services,Strong buy,35.05,USD,Information technology services
CHYM,"Chime Financial, Inc.",0.8028545941123982,4035031,0.7321793585762522,8611032363.603926,USD,,-2.6209,USD,-2195.0087565674257,0,Technology services,Strong buy,22.6,USD,Packaged software
RIOT,"Riot Platforms, Inc.",21.27192982456142,25629053,1.340555454334561,8364704762.289476,USD,,-2.458,USD,-80.44340038173543,0,Technology services,Strong buy,22.12,USD,Information technology services
GGAL,Grupo Financiero Galicia S.A.,5.00508646998983,750286,0.836942993893426,8363859674.866355,USD,95.0810611643331,0.5428,USD,-94.1542636827708,3.83732451678535,Finance,Buy,51.61,USD,Regional banks
KMX,CarMax Inc,-0.6936220605650425,2029426,0.6724770314790703,8330180894.716629,USD,38.63367118599447,1.5194,USD,-57.98003263364584,0,Retail trade,Neutral,58.7,USD,Specialty stores
OSCR,"Oscar Health, Inc.",2.158979391560354,3903936,0.8674339835587902,8304119628.562316,USD,,-0.6096,USD,-318.80832735104093,0,Health services,Neutral,31.23,USD,Managed health care
PRMB,Primo Brands Corporation,-1.0860121633362294,2027366,0.9277616909360455,8262517293.99305,USD,144.66327827191867,0.1574,USD,,1.91138140747176,Consumer non-durables,Strong buy,22.77,USD,Beverages: non-alcoholic
FORM,"FormFactor, Inc.",26.27920910724984,2460799,1.7858496323868258,8214873673.333732,USD,72.05470085470085,1.4625,USD,159.90758841300868,0,Electronic technology,Buy,105.38,USD,Semiconductors
IMVT,"Immunovant, Inc.",2.2533022533022464,668074,0.698960871210532,8148764659.897436,USD,,-2.7697,USD,-1.2206263933048231,0,Health technology,Buy,39.48,USD,Biotechnology
RGEN,Repligen Corporation,1.6781137152163172,1032836,0.6040929026003165,8104154693.818594,USD,195.72032165735314,0.7337,USD,,0,Health technology,Strong buy,143.6,USD,Pharmaceuticals: major
EMN,Eastman Chemical Company,4.146848989298442,2263205,1.7811796653196619,8012501574.515012,USD,20.272537900705935,3.4564,USD,-55.98344476281439,4.97919143876338,Process industries,Buy,70.07,USD,Chemicals: specialty
QRVO,"Qorvo, Inc.",1.3854748603351899,1016434,0.760904188044547,8004902222.330727,USD,21.054829802538457,4.3097,USD,402.999533146592,0,Electronic technology,Neutral,90.74,USD,Semiconductors
BVN,Buenaventura Mining Company Inc.,5.4268696227663815,1078763,1.3075978550199032,7975962377.68416,USD,8.258164852255055,3.858,USD,102.78580814717478,1.3861350099272,Non-energy minerals,Buy,31.86,USD,Precious metals
ETSY,"Etsy, Inc.",-2.839448469268512,2469691,1.0506969396005532,7890621909.838748,USD,33.981772855449755,2.4469,USD,73.82254741777366,0,Retail trade,Neutral,83.15,USD,Internet retail
IBRX,"ImmunityBio, Inc.",9.077598828696926,10927200,1.2523591615983074,7802787242.188872,USD,,-0.8541,USD,-46.0499316005472,0,Health technology,Strong buy,7.45,USD,Pharmaceuticals: major
ALGM,"Allegro MicroSystems, Inc.",-1.8005212035062734,6151823,2.971824821538041,7722510650.322199,USD,,-0.0811,USD,79.04392764857882,0,Electronic technology,Strong buy,41.45,USD,Semiconductors
CMC,Commercial Metals Company,0.4699662211778428,881300,0.8067311752580226,7567810435.695401,USD,12.89295137580098,5.306,USD,1609.9581050596196,1.08679688647378,Non-energy minerals,Buy,68.41,USD,Steel
VNO,Vornado Realty Trust,-1.2300123001230012,1529507,0.8327402456863763,7552124857.570726,USD,11.02507070873493,3.6417,USD,599.1169130351315,1.82041820418204,Finance,Neutral,40.15,USD,Real estate investment trusts
AAOI,"Applied Optoelectronics, Inc.",17.760062728698383,10623103,1.2320566599074116,7230675447.223863,USD,,-0.6602,USD,82.91938321432268,0,Electronic technology,Buy,90.11,USD,Semiconductors
AVT,"Avnet, Inc.",3.8401722694102087,902703,0.9538302067417724,7119689690.010767,USD,33.808522240398844,2.5674,USD,-28.015476924802336,1.67484148821629,Distribution services,Neutral,86.8,USD,Electronics distributors
ACA,"Arcosa, Inc.",0.24849865396561416,470242,0.5591973202784749,7118940635.041416,USD,32.085100742311774,4.5264,USD,183.9648682559598,0.13805480775868,Non-energy minerals,Buy,145.23,USD,Construction materials
INGM,Ingram Micro Holding Corporation,0.8961168270826405,918116,1.1099234201245036,7042054320.398273,USD,19.992108378271734,1.5206,USD,27.781512605042018,1.07534019249917,Technology services,Buy,30.4,USD,Information technology services
VSXY,Victorias Secret & Co.,-0.9985414562997875,1431595,0.7529319929526245,7014349342.505553,USD,36.13431613431613,2.442,USD,22.596515889351885,0,Retail trade,Buy,88.24,USD,Apparel/Footwear retail
CORZ,"Core Scientific, Inc.",20.364238410596013,22465760,1.6627662123361964,7008434962.938741,USD,,-4.4282,USD,-658.2534246575343,0,Technology services,Strong buy,21.81,USD,Packaged software
FLR,Fluor Corporation,6.918641896220376,1826740,0.8516453827583607,6993271733.691223,USD,39.97604790419162,1.2525,USD,-88.00379281281128,0,Industrial services,Buy,50.07,USD,Engineering & construction
ST,Sensata Technologies Holding plc,4.326086956521744,3892866,2.0382731017646933,6979284204.691305,USD,148.30037082818293,0.3236,USD,-60.381978452497556,1.04347826086957,Electronic technology,Buy,47.99,USD,Electronic equipment/Instruments
GLBE,Global-E Online Ltd.,-0.9687034277198227,1416889,0.8327461435161462,6680947168.318927,USD,59.88284770201262,0.6658,USD,,0,Retail trade,Strong buy,39.87,USD,Internet retail
CLF,Cleveland-Cliffs Inc.,2.196836555360281,25951174,0.7379037841164653,6635380721.203866,USD,,-1.6168,USD,52.62541022034692,0,Non-energy minerals,Neutral,11.63,USD,Steel
URBN,"Urban Outfitters, Inc.",0.45092838196285034,707774,0.6602978577034765,6486001549.851458,USD,14.536590983244725,5.2103,USD,9.171101705569301,0,Retail trade,Buy,75.74,USD,Apparel/Footwear retail
ERAS,"Erasca, Inc.",5.4176072234763035,3699534,0.8451165607080628,6484339784.5620775,USD,,-0.9328,USD,-49.511139605706035,0,Health technology,Strong buy,18.68,USD,Pharmaceuticals: major
LGN,Legence Corp.,12.678975131876422,3046493,1.8268747231797204,6461748960.182743,USD,,,,,0,Industrial services,Strong buy,59.81,USD,Engineering & construction
ZGN,Ermenegildo Zegna N.V.,-0.5358338914936375,958422,0.7019009845795512,6285907456.486938,USD,34.76123595505618,0.4272,USD,30.243902439024396,0.94775619557937,Consumer non-durables,Buy,14.85,USD,Apparel/Footwear
TXG,"10x Genomics, Inc.",6.714162348877374,2257329,0.8153386295530359,6275444496.4576845,USD,,-0.1744,USD,86.53489808523781,0,Health technology,Buy,49.43,USD,Biotechnology
CROX,"Crocs, Inc.",-7.384661473936499,2955579,3.487912590561752,6144622028.236967,USD,,-1.3786,USD,-108.44932306127075,0,Consumer non-durables,Buy,123.66,USD,Apparel/Footwear
PRM,"Perimeter Solutions, SA",7.383905393712128,1989608,1.4884290740139627,6073220120.359675,USD,,-1.3368,USD,-270.61901723037647,0,Process industries,Strong buy,37.23,USD,Chemicals: major diversified
MXL,"MaxLinear, Inc",16.89082969432315,3913981,0.7171096318093202,6069187866.26655,USD,,-1.1897,USD,51.948786299931335,0,Electronic technology,Buy,66.92,USD,Semiconductors
TAL,TAL Education Group,13.3149678604224,11418942,2.5435559721255676,6026965508,USD,13.138841567291312,0.9392,USD,581.5674891146589,0,Commercial services,Strong buy,12.34,USD,Miscellaneous commercial services
AMRX,"Amneal Pharmaceuticals, Inc.",-3.14136125654451,2496005,1.4134989102035842,5907629710.575915,USD,49.597855227882036,0.373,USD,,0,Health technology,Buy,18.5,USD,Pharmaceuticals: major
DFTX,"Definium Therapeutics, Inc.",5.526565464895649,1804069,1.122138973835694,5905747420.437382,USD,,-2.5033,USD,-139.66491144088081,0,Health technology,Strong buy,44.49,USD,Pharmaceuticals: major
FBIN,"Fortune Brands Innovations, Inc.",0.2646579804560313,1719840,0.8051149780719176,5875200376.124797,USD,21.846167494677076,2.2544,USD,-33.97182438567203,2.07654723127036,Producer manufacturing,Neutral,49.25,USD,Building products
HNGE,"Hinge Health, Inc.",1.4177693761814707,1381154,0.9088137072516957,5812021278.504725,USD,,-6.5862,USD,-478.2563749138525,0,Technology services,Strong buy,75.11,USD,Packaged software
GTX,Garrett Motion Inc.,7.7484364141765125,2748325,1.1793155183345572,5804715742.72481,USD,16.966679433167368,1.8277,USD,27.793315620192992,1.04239054899236,Producer manufacturing,Buy,31.01,USD,Auto parts: OEM
GTLB,GitLab Inc.,-0.9109609168380908,3776512,0.9259234877515777,5695307898.929181,USD,,-0.1495,USD,-249.94984954864594,0,Technology services,Neutral,33.72,USD,Packaged software
TWST,Twist Bioscience Corporation,6.856206856206856,1656451,1.347309161412087,5687239071.737686,USD,,-1.3287,USD,59.20353710583684,0,Health technology,Strong buy,91.33,USD,Biotechnology
SSRM,SSR Mining Inc.,6.677329068372644,3619577,1.1900747868580135,5535861894.067972,USD,25.70575199922921,1.0379,USD,160.19052394083732,0,Non-energy minerals,Strong buy,26.68,USD,Precious metals
ACMR,"ACM Research, Inc.",20.444104134762647,1587654,1.4901715938615205,5435461753.445637,USD,59.79624420284347,1.3153,USD,-15.901534526854228,0,Producer manufacturing,Strong buy,78.65,USD,Industrial machinery
ZETA,Zeta Global Holdings Corp.,-3.2155797101449153,4590726,0.6748927244632975,5326635158.800272,USD,,-0.1046,USD,64.05498281786942,0,Technology services,Strong buy,21.37,USD,Packaged software
TVTX,"Travere Therapeutics, Inc.",3.0957523398128126,1014815,0.8218195535094772,5326633710.980561,USD,,-0.5348,USD,80.93336660843524,0,Health technology,Strong buy,57.28,USD,Pharmaceuticals: major
ALK,"Alaska Air Group, Inc.",3.0541012216404853,2179492,0.594699966421635,5263904936.672775,USD,,-1.5712,USD,-163.86472644500446,0,Transportation,Buy,47.24,USD,Airlines
VSH,"Vishay Intertechnology, Inc.",12.783711615487311,5668645,1.0399324964676038,5182647714.440253,USD,2111.875,0.016,USD,,1.3351134846462,Electronic technology,Buy,33.79,USD,Electronic production equipment
ADT,ADT Inc.,1.3495276653171342,10899975,1.4725253496158084,5095555522.265857,USD,10.640408047605554,0.7058,USD,20.752780153977753,2.96896086369771,Commercial services,Buy,7.51,USD,Miscellaneous commercial services
SHC,Sotera Health Company,1.8254420992584157,1684684,0.5040384342605062,5090231010.07701,USD,43.504752620034125,0.4103,USD,373.78752886836025,0,Health technology,Strong buy,17.85,USD,Medical specialties
IRDM,Iridium Communications Inc,7.394048692515782,1544158,0.9539995024141317,5047952598.995492,USD,54.28441203281677,0.8776,USD,-12.336429927080216,1.28494138863841,Communications,Neutral,47.64,USD,Specialty telecommunications
CAKE,The Cheesecake Factory Incorporated,0.16808384417639086,2366619,1.1977212607278975,5033624172.789302,USD,27.50074649149,3.6839,USD,13.36123334461643,1.12715048447696,Consumer services,Neutral,101.31,USD,Restaurants
BB,BlackBerry Limited,8.066581306017925,17596322,0.958148453706506,4946688120.435571,USD,86.80635908005827,0.09722790000000002,USD,,0,Technology services,Neutral,8.44,USD,Packaged software
RELY,"Remitly Global, Inc.",0.6869901245169607,1764646,0.6561902082432983,4937657542.275656,USD,48.08283781012918,0.4877,USD,,0,Commercial services,Strong buy,23.45,USD,Miscellaneous commercial services
GBTG,"Global Business Travel Group, Inc.",0,1643301,1.250430113303372,4920757591,USD,59.17085427135678,0.1592,USD,,0,Consumer services,Neutral,9.42,USD,Other consumer services
MDA,MDA Space Ltd.,5.28511821974965,830225,0.5697626682591906,4909428727.26985,USD,51.806560462533355,0.58448196,USD,7.677277161177838,0,Electronic technology,Strong buy,30.28,USD,Electronic production equipment
ELF,"e.l.f. Beauty, Inc.",1.681087762669962,1693552,0.7414643372514956,4848160871.761187,USD,184.35679067682656,0.4462,USD,-76.76646706586827,0,Consumer non-durables,Buy,82.26,USD,Household/Personal care
VCYT,"Veracyte, Inc.",7.305690181295997,1540926,1.5737905232221339,4770004438.336027,USD,55.030838626530425,1.0863,USD,158.95113230035759,0,Health technology,Buy,59.78,USD,Medical specialties
DYN,"Dyne Therapeutics, Inc.",2.509960159362546,1923943,0.5693543741457396,4729993525.10239,USD,,-3.3318,USD,13.706293706293716,0,Health technology,Strong buy,25.73,USD,Biotechnology
CMBT,CMB.TECH NV,2.6940346375882087,836265,1.260910164042789,4645618123.57258,USD,9.511313619328451,1.6832585530000002,USD,-21.762582476001178,3.95404692082111,Transportation,Buy,16.01,USD,Marine shipping
KLIC,"Kulicke and Soffa Industries, Inc.",6.589427950760311,1327740,1.386264337411816,4622039828.576393,USD,84.8741110897559,1.0406,USD,187.85615491009685,0.989621047550084,Producer manufacturing,Buy,88.32,USD,Industrial machinery
TREX,"Trex Company, Inc.",3.6329322953526755,2519962,1.2032537809835955,4564271029.925925,USD,24.4667223614592,1.7955,USD,-1.7832722498769191,0,Non-energy minerals,Buy,43.93,USD,Forest products
ACAD,ACADIA Pharmaceuticals Inc.,0.7972665148063813,1298474,0.9423042787203912,4546312383.980638,USD,12.08906292687369,2.1962,USD,59.88642981945256,0,Health technology,Buy,26.55,USD,Pharmaceuticals: major
BILL,"BILL Holdings, Inc.",-4.260704492723046,2321100,0.9726068146336951,4520695354.212403,USD,,-0.0013,USD,93.8388625592417,0,Technology services,Buy,45.39,USD,Packaged software
RNG,"RingCentral, Inc.",-7.120527961097606,2348428,0.7160692013905067,4465909775.067037,USD,42.59318254221089,1.2556,USD,,0.260507120527961,Technology services,Neutral,53.48,USD,Packaged software
ANF,Abercrombie & Fitch Company,-2.1758220314176895,632908,0.6558251541879435,4454723080.353207,USD,9.624836802088934,10.4168,USD,2.600267906390367,0,Retail trade,Buy,100.26,USD,Apparel/Footwear retail
MIAX,"Miami International Holdings, Inc.",-0.8620689655172384,730200,0.6185592161595928,4452277718.577586,USD,68.33036244800951,0.6732,USD,-37.10174717368962,0,Finance,Buy,46,USD,Investment banks/Brokers
DLO,DLocal Limited,2.60452364633311,1247868,0.6716812328721334,4415131395.643591,USD,22.29005360333532,0.6716,USD,63.605359317905,1.34795065113091,Technology services,Strong buy,14.97,USD,Packaged software
PAY,"Paymentus Holdings, Inc.",-4.98637602179838,1889890,2.1686425412370154,4386291475.664849,USD,60.897659797415294,0.5726,USD,44.559454683160816,0,Commercial services,Buy,34.87,USD,Miscellaneous commercial services
WSC,WillScot Holdings Corporation,-0.37313432835820837,2129842,0.9246708546220583,4349302183.712686,USD,,-0.3789,USD,-520.0665188470067,1.16086235489221,Finance,Buy,24.03,USD,Finance/Rental/Leasing
OPLN,"OPENLANE, Inc.",0.17309594460929845,804643,0.9747009217493583,4291876606.164441,USD,,-1.0142,USD,-273.8429893726431,0,Technology services,Buy,40.51,USD,Packaged software
SYNA,Synaptics Incorporated,5.0270165959089095,878495,1.302551815094415,4251972200.0067534,USD,,-1.2393,USD,-130.03344319503685,0,Electronic technology,Neutral,108.85,USD,Semiconductors
RLAY,"Relay Therapeutics, Inc.",5.87915078933042,1865441,0.7642141778073541,4238939473.4512787,USD,,-1.5651,USD,29.88217373773577,0,Health technology,Strong buy,19.45,USD,Biotechnology
PTRN,Pattern Group Inc. - Series A,3.9045553145336163,1007248,0.5584101503394459,4235942624.3123646,USD,,-0.8471,USD,-350.9925925925926,0,Commercial services,Strong buy,23.95,USD,Advertising/Marketing services
COLD,"Americold Realty Trust, Inc.",-2.0988490182802892,3362536,0.8117570420406705,4125525766.4238324,USD,,-0.3905,USD,7.639545884578997,6.2288422477996,Finance,Neutral,14.46,USD,Real estate investment trusts
SLG,SL Green Realty Corp,-0.3901895206243048,684035,0.5206569593469165,4095803806.7569666,USD,,-2.7165,USD,-383.3629893238433,4.6869193608324,Finance,Buy,53.61,USD,Real estate investment trusts
LION,Lionsgate Studios Corp,2.450229709035224,1833806,0.9486349333852292,3980428855.676876,USD,,-0.7173,USD,-56.20644599303137,0,Consumer services,Buy,13.38,USD,Movies/Entertainment
EXTR,"Extreme Networks, Inc.",2.6487788097695204,1247448,0.8115356188560208,3902418207.3450294,USD,248.0465502909393,0.1203,USD,,0,Electronic technology,Strong buy,29.84,USD,Computer peripherals
CSTM,Constellium SE,3.4020991675714853,1741092,0.9326246189283439,3889818285.6695623,USD,7.353357527089285,3.8853,USD,1920.436817472699,0,Non-energy minerals,Strong buy,28.57,USD,Aluminum
DNLI,Denali Therapeutics Inc.,2.0964360587002093,1117586,0.7336605524895536,3864582037.295598,USD,,-2.8808,USD,-7.878969442780106,0,Health technology,Strong buy,24.35,USD,Biotechnology
ELVN,"Enliven Therapeutics, Inc.",1.850103832357946,648089,0.8799177661412867,3854095197.2408915,USD,,-1.6638,USD,13.788279185450023,0,Health technology,Strong buy,53.95,USD,Biotechnology
COCO,"The Vita Coco Company, Inc.",-0.8735564110156994,692758,0.48881458381490983,3842734777.408202,USD,36.95220222982669,1.8118,USD,67.7903315428783,0,Consumer non-durables,Buy,66.95,USD,Food: specialty/candy
YETI,"YETI Holdings, Inc.",-2.838128792327271,918507,0.708545869760619,3760643198.346447,USD,25.20564638976338,1.9694,USD,-4.993004968884178,0,Producer manufacturing,Buy,49.64,USD,Miscellaneous manufacturing
CLSK,"CleanSpark, Inc.",21.06577851790174,30468757,1.34099058900888,3731089290.974188,USD,,-2.1014,USD,-126.29765237992679,0,Technology services,Strong buy,14.54,USD,Data processing services
UCTT,"Ultra Clean Holdings, Inc.",19.6349001006181,1637347,1.1822816926772486,3731063559.134685,USD,,-4.292,USD,-794.7232113952734,0,Producer manufacturing,Strong buy,83.23,USD,Industrial machinery
LASR,"nLIGHT, Inc.",11.240900626375476,709266,0.7825631324150805,3706616346.670222,USD,,-0.2948,USD,74.13581330057906,0,Electronic technology,Strong buy,65.71,USD,Semiconductors
HGV,Hilton Grand Vacations Inc.,-9.918319719953328,3023792,2.962772805244155,3636835492.6627765,USD,24.489795918367346,1.8914,USD,478.58672376873653,0,Finance,Buy,46.32,USD,Real estate development
TENB,"Tenable Holdings, Inc.",3.398983481575593,8520386,2.4520089907527765,3589352906.1928205,USD,563.1487889273357,0.0578,USD,,0,Technology services,Buy,32.55,USD,Packaged software
CGAU,Centerra Gold Inc.,7.574867880211386,1875312,1.3233881908207281,3583530319.442171,USD,6.0021051925286635,3.0522624,USD,776.8864473652648,1.16910229645094,Non-energy minerals,Buy,18.32,USD,Precious metals
OGN,Organon & Co.,0.07385524372231583,1804223,0.6424300595324464,3558357848.3530283,USD,14.436394630300448,0.9386,USD,-67.51012496105784,0.590841949778434,Health technology,Neutral,13.55,USD,Pharmaceuticals: major
SHOO,"Steven Madden, Ltd.",10.2073732718894,2134303,2.5289625225177828,3495676428.7868667,USD,45.409664862812114,1.0533,USD,-54.591308846352824,1.93548387096774,Consumer non-durables,Buy,47.83,USD,Apparel/Footwear
FA,First Advantage Corporation,-6.7875406787540715,2003383,1.0579043030466888,3439317855.7624364,USD,411.70431211498976,0.0487,USD,,0,Technology services,Buy,20.05,USD,Packaged software
RXO,"RXO, Inc.",-7.716464782413633,3605880,1.7628480750828142,3392411093.324809,USD,,-0.622,USD,71.43906694829644,0,Technology services,Neutral,20.57,USD,Packaged software
AAP,Advance Auto Parts Inc.,-3.8336470990929348,1295172,0.7956495360781297,3388256974.996748,USD,77.61049723756906,0.724,USD,,1.71144959780934,Retail trade,Neutral,56.19,USD,Specialty stores
HAYW,"Hayward Holdings, Inc.",0.7868852459016341,3371980,1.0421087040173374,3334721035.8596716,USD,21.13877045798377,0.7271,USD,23.698536917318812,0,Consumer durables,Buy,15.37,USD,Recreational products
CALY,Callaway Golf Company,1.5899122807017694,1912882,1.038815258308143,3330907700.1743426,USD,,-1.6095,USD,79.68598149714128,0,Consumer durables,Buy,18.53,USD,Recreational products
SBLK,Star Bulk Carriers Corp.,6.425702811244973,1933606,1.5563071816962875,3318652878.5542164,USD,23.179071246819337,1.2576,USD,-36.39490188144851,3.76049653158087,Transportation,Strong buy,29.15,USD,Marine shipping
AMBA,"Ambarella, Inc.",7.081948258418855,1508537,0.8087268303569681,3250193802.931349,USD,,-1.6179,USD,34.98493068113322,0,Electronic technology,Buy,74.09,USD,Semiconductors
WRBY,Warby Parker Inc.,-0.0384172109104939,1377533,0.529581319386706,3193050410.6515555,USD,2738.9473684210525,0.0095,USD,,0,Retail trade,Buy,26.02,USD,Specialty stores
KN,Knowles Corporation,4.398148148148136,771584,0.6170549331030125,3081604891.393518,USD,46.54282765737874,0.7752,USD,178.9492623245772,0,Electronic technology,Buy,36.08,USD,Electronic components
AXTI,AXT Inc,26.967811739248038,17272953,2.4382616165138336,3070964511.5558558,USD,,-0.3174,USD,25.59774964838255,0,Electronic technology,Buy,46.94,USD,Electronic production equipment
CLDX,"Celldex Therapeutics, Inc.",2.599306851506269,742213,0.6983844191678418,3020767296.8159156,USD,,-4.267,USD,-58.130744144678346,0,Health technology,Strong buy,38.485,USD,Biotechnology
ZIM,ZIM Integrated Shipping Services Ltd.,0.6102522375915466,586922,0.7794934372406462,2980451206.0866566,USD,30.448165476483624,0.8122,USD,-95.84071612196196,8.0960130187144,Transportation,Sell,24.73,USD,Marine shipping
CXT,"Crane NXT, Co.",-0.7692307692307665,607597,1.0495052480703417,2969186086.5923076,USD,23.064544966922938,2.2372,USD,-22.966737827973276,1.34615384615385,Producer manufacturing,Strong buy,51.6,USD,Industrial machinery
CBZ,"CBIZ, Inc.",0.6375227686703123,4620927,2.00901597660305,2964092482.449909,USD,25.918281184031525,2.1317,USD,22.942499567449097,0,Commercial services,Strong buy,55.25,USD,Miscellaneous commercial services
VECO,Veeco Instruments Inc.,12.514538264712712,780235,0.7894605571245012,2952189804.2986736,USD,126.12777053455018,0.3835,USD,-63.96015412085331,0,Electronic technology,Buy,48.37,USD,Electronic production equipment
UAA,"Under Armour, Inc.",-3.2577903682719485,7307288,0.9734546177743942,2882335736.5736547,USD,,-1.166,USD,-151.13073443894035,0,Consumer non-durables,Neutral,6.83,USD,Apparel/Footwear
UA,"Under Armour, Inc.",-3.328509406657025,2190205,0.9139856045300733,2880228734.755427,USD,,-1.166,USD,-151.13073443894035,0,Consumer non-durables,Neutral,6.68,USD,Apparel/Footwear
WT,"WisdomTree, Inc.",3.070175438596504,1960971,0.9194724785063683,2875295819.5175443,USD,46.23708804722086,0.4066,USD,20.724465558194783,0.657894736842105,Miscellaneous,Buy,18.8,USD,Investment trusts
QURE,uniQure N.V.,5.290741202894927,1924007,1.2239308885849696,2869449155.4664335,USD,,-4.048,USD,-3.2468691815237065,0,Health technology,Strong buy,42.19,USD,Biotechnology
ADEA,Adeia Inc.,9.67184801381692,1216070,0.9331219504072696,2801461153.488774,USD,23.533771889187438,1.0793,USD,61.83835657519866,0.863557858376511,Technology services,Strong buy,25.4,USD,Packaged software
MGNI,"Magnite, Inc.",-1.7232640648758228,1650788,0.7373920805801908,2776938714.3781047,USD,18.725253500724286,1.0355,USD,422.1886031265759,0,Technology services,Strong buy,19.39,USD,Packaged software
PTON,"Peloton Interactive, Inc.",-3.1866464339908944,4909386,0.6812695657058574,2762488423.6540213,USD,142.09354120267258,0.0449,USD,,0,Consumer services,Buy,6.38,USD,Other consumer services
XRAY,DENTSPLY SIRONA Inc.,-3.2394366197183033,3939821,0.7470479221349567,2752488692.539437,USD,,-3.1476,USD,30.66960352422907,4.50704225352113,Health technology,Neutral,13.74,USD,Medical specialties
PENN,"PENN Entertainment, Inc.",-3.2311320754716917,2908069,1.1650792838073405,2745796804.255896,USD,,-6.7047,USD,-974.9879749879749,0,Consumer services,Buy,20.515,USD,Casinos/Gaming
PENG,"Penguin Solutions, Inc.",17.68878718535468,2851155,0.7970829412668193,2635412038.6391306,USD,36735.71428571428,0.0014,USD,,0,Electronic technology,Buy,51.43,USD,Semiconductors
ICHR,Ichor Holdings,20.433734939759034,839156,0.903375325838255,2613983037.777831,USD,,-1.4759,USD,-203.9332784184514,0,Producer manufacturing,Strong buy,74.97,USD,Industrial machinery
TRVI,"Trevi Therapeutics, Inc.",1.7136539524599155,1515253,0.5630149705021983,2612426609.17634,USD,,-0.3235,USD,27.88675880517164,0,Health technology,Strong buy,18.4,USD,Biotechnology
HOG,"Harley-Davidson, Inc.",-0.765203383004421,1693076,0.4812784410212071,2593810975.51027,USD,15.100815100815101,1.6317,USD,-15.48223350253808,2.96012887635924,Consumer durables,Neutral,24.64,USD,Motor vehicles
TGB,Trekor Metals Limited,5.514157973174369,10439807,2.0345999075331305,2588682637.193651,USD,253.16466559307688,0.027965987999999997,USD,,0,Non-energy minerals,Strong buy,7.08,USD,Other metals/Minerals
NEOG,Neogen Corporation,22.659574468085093,4670967,2.621224786737081,2509770163.4659576,USD,,-2.8048,USD,-25.314985256009304,0,Health technology,Buy,11.53,USD,Medical specialties
AEHR,Aehr Test Systems,17.538226299694188,2456270,0.7416146297719324,2507533978.570795,USD,,-0.2391,USD,-82.24085365853657,0,Electronic technology,Strong buy,76.87,USD,Electronic production equipment
AMC,"AMC Entertainment Holdings, Inc.",0.7272727272727278,31090401,0.49082507578287177,2472514781.283636,USD,,-1.0624,USD,-19.343967647719616,0,Consumer services,Neutral,2.77,USD,Movies/Entertainment
KEEL,Keel Infrastructure Corp.,27.358490566037723,65423669,2.188302730215477,2445505935.7075467,USD,,-0.6507,USD,-186.14775725593665,0,Technology services,Strong buy,4.05,USD,Data processing services
PAYO,Payoneer Global Inc.,0.5617977528089892,7940444,2.19659329090586,2421471843.6629214,USD,36.38211382113821,0.1968,USD,-34.18060200668896,0,Commercial services,Neutral,7.16,USD,Miscellaneous commercial services
NKTR,Nektar Therapeutics,1.0894170911148784,670257,0.8574642555317867,2414011841.073854,USD,,-8.4203,USD,11.610891837420235,0,Health technology,Strong buy,71.45,USD,Pharmaceuticals: major
NUVB,Nuvation Bio Inc.,1.6691957511380928,5372018,0.8474839835608221,2339653222.0789075,USD,,-0.4281,USD,81.73946425524655,0,Health technology,Strong buy,6.7,USD,Biotechnology
JBLU,JetBlue Airways Corporation,6.118881118881128,44416811,0.9572522828383072,2290284938.33042,USD,,-2.3909,USD,-119.12748602327925,0,Transportation,Sell,6.07,USD,Airlines
CLOV,"Clover Health Investments, Corp.",2.600472813238757,2513985,0.60650868766153,2285814113.763593,USD,,-0.1123,USD,-120.19607843137257,0,Finance,Buy,4.34,USD,Life/Health insurance
OUST,"Ouster, Inc.",13.514376996805114,2782654,0.7984485389444282,2262299885.121406,USD,,-0.9742,USD,50.41734527687297,0,Electronic technology,Buy,35.53,USD,Semiconductors
BHC,Bausch Health Companies Inc.,28.84615384615386,18171461,9.409448947331983,2252058131.8125,USD,,-2.8555647999999993,USD,-1171.0101697712316,0,Health technology,Neutral,6.03,USD,Pharmaceuticals: other
HAPN,"Happen, Inc.",4.317323259579045,1092724,0.5824844529854433,2229733397.723151,USD,11.645279836134707,1.6599,USD,159.03558052434454,0,Finance,Strong buy,19.33,USD,Major banks
KSS,Kohl's Corporation,2.3084994753410353,4917775,1.6154969578780793,2211299818.913956,USD,8.279903188824253,2.3551,USD,118.24668705402652,0,Retail trade,Neutral,19.5,USD,Department stores
AXGN,"Axogen, Inc.",-0.04834421078074939,1394641,1.137334715774987,2198903045.508823,USD,,-0.6739,USD,-537.5591296121097,0,Health technology,Strong buy,41.35,USD,Medical specialties
COHU,"Cohu, Inc.",18.073207930859173,2366938,2.713562193390681,2191294848.1011696,USD,,-1.1864,USD,35.48667754214247,0,Electronic technology,Strong buy,46.45,USD,Semiconductors
NWL,Newell Brands Inc.,-0.9633911368015551,7809392,1.0732814611705668,2183985993.067437,USD,,-0.6708,USD,-14.295450673027768,5.39499036608863,Producer manufacturing,Neutral,5.14,USD,Industrial machinery
BFLY,"Butterfly Network, Inc.",15.070422535211273,9959534,1.4163828553907836,2134573381.108451,USD,,-0.3004,USD,-0.8053691275167829,0,Health technology,Strong buy,8.17,USD,Medical specialties
FIVN,"Five9, Inc.",1.822197680839319,6006207,2.560481183350011,2117759972.2076201,USD,41.98542805100182,0.6588,USD,,0,Technology services,Buy,27.66,USD,Packaged software
HUN,Huntsman Corporation,0.9197324414715671,3404113,0.9428610023337805,2116853793.694816,USD,,-1.8695,USD,-149.1005996002665,4.28511705685619,Process industries,Neutral,12.07,USD,Chemicals: major diversified
AVAH,Aveanna Healthcare Holdings Inc.,-0.6153846153846205,1234742,0.6130448041217929,2110047919.803077,USD,8.219526677411146,1.1789,USD,6675.28735632184,0,Health services,Buy,9.69,USD,Medical/Nursing services
BHVN,Biohaven Ltd.,2.9039463886820593,1232479,0.5905842542331956,2080752920.1831725,USD,,-5.67,USD,39.45865143345257,0,Health technology,Buy,13.82,USD,Pharmaceuticals: major
SGRY,"Surgery Partners, Inc.",-3.1078610603290664,1138373,0.6944608055606986,2079531759.8903108,USD,,-0.595,USD,61.15173674588665,0,Health services,Buy,15.9,USD,Hospital/Nursing management
NEO,"NeoGenomics, Inc.",3.9947609692207022,5264088,1.425004336661825,2040189942.6902425,USD,,-0.4034,USD,50.557666380683905,0,Health services,Buy,15.88,USD,Medical/Nursing services
HIMX,"Himax Technologies, Inc.",7.731958762886586,1455019,1.089609596107591,2030016060,USD,67.93066088840737,0.1846,USD,-63.116883116883116,2.07903780068729,Electronic technology,Neutral,12.54,USD,Semiconductors