Symbol,Description,Price,Price - Currency,Price change % 1 day,Volume 1 day,Relative volume 1 day,Market capitalization,Market capitalization - Currency,Price to earnings ratio,"Earnings per share diluted, Trailing 12 months","Earnings per share diluted, Trailing 12 months - Currency","Earnings per share diluted growth %, TTM YoY","Dividend yield %, Trailing 12 months",Sector,Analyst rating
NVDA,NVIDIA Corporation,205.1,USD,-6.201408579529865,219652698,1.1578905158449695,4963420000000,USD,31.40984409935986,6.5298,USD,110.33338701884364,0.0186263096623981,Electronic technology,Strong buy
AAPL,Apple Inc.,307.34,USD,-1.249879510329995,65310470,1.3263608050160707,4514012271983.789,USD,37.17897538256819,8.2665,USD,29.004822172630675,0.338425836395281,Electronic technology,Buy
GOOG,Alphabet Inc.,365.76,USD,-0.9505240068242725,23411519,0.8782478968115393,4454258878801.214,USD,27.901228917316978,13.1091,USD,46.187815730487436,0.236167341430499,Technology services,Strong buy
GOOGL,Alphabet Inc.,368.53,USD,-0.9833687095300855,37470922,1.090930747536471,4446611502539.375,USD,28.112532515580778,13.1091,USD,46.187815730487436,0.233989804729937,Technology services,Strong buy
AMZN,"Amazon.com, Inc.",246.03,USD,-3.057646085346149,55601357,1.3238030585113638,2646571664757.2954,USD,29.402344730332114,8.3677,USD,36.47513577870922,0,Retail trade,Strong buy
TSM,Taiwan Semiconductor Manufacturing Company Ltd.,415.17,USD,-6.686595342983008,19644109,1.7790600451259648,1994617994675.6956,USD,34.50519859376169,12.0321,USD,54.805465493283926,0.603623394169777,Electronic technology,Strong buy
AVGO,Broadcom Inc.,385.73,USD,-7.920555727960661,51146043,1.5463449542220933,1826303517454.1287,USD,64.20700446101606,6.0076,USD,125.83264416209308,0.517496817811907,Electronic technology,Strong buy
MU,"Micron Technology, Inc.",864.01,USD,-13.252008032128515,77247832,1.4662192137330738,974373412456.8495,USD,40.791169569384316,21.1813,USD,409.11691183540046,0.0458515890586067,Electronic technology,Strong buy
AMD,"Advanced Micro Devices, Inc.",466.38,USD,-10.860091743119275,46899568,1.530522034774623,760479528647.1234,USD,153.06705175752404,3.0469,USD,123.34701656648583,0,Electronic technology,Buy
ASML,ASML Holding N.V. - New York Registry Shares,1641.74,USD,-6.585034168435308,2744506,1.8663023242672288,657942441758.4362,USD,54.74072394569074,29.9912,USD,26.402744587321447,0.432575940128363,Electronic technology,Buy
ORCL,Oracle Corporation,213.68,USD,-9.587881865109587,29019542,1.2259140056587006,614553492463.3569,USD,38.36472341418748,5.5697,USD,30.860861801607076,0.8683193678635,Technology services,Buy
INTC,Intel Corporation,99.17,USD,-11.28108785113616,145208337,1.3045757563230926,498428415951.7242,USD,,-0.6263,USD,85.99601994499474,0,Electronic technology,Neutral
ARM,Arm Holdings plc,342.93,USD,-12.8380439202928,14883049,1.0638754872764935,438187105713,USD,405.1630434782609,0.8464,USD,13.595490538182803,0,Electronic technology,Buy
BAC,Bank of America Corporation,53.83,USD,-0.6276536828502924,38829439,0.9402154690692209,382009468697.317,USD,13.3566572378542,4.0302,USD,20.322436184505147,2.09923664122137,Finance,Strong buy
LRCX,Lam Research Corporation,303.28,USD,-9.848102018370456,13308934,1.504091643428136,379273177074.7954,USD,57.24316264321171,5.2981,USD,47.59583240472476,0.293852375549155,Producer manufacturing,Buy
UNH,UnitedHealth Group Incorporated,399.47,USD,0.7566776805306832,10897296,1.6523990075685462,362776422752.7785,USD,30.169627212857232,13.2408,USD,-44.64988148934658,2.3448275862069,Health services,Buy
AMAT,"Applied Materials, Inc.",453.01,USD,-9.705002989834561,11909123,1.685551780248552,359671545167.8682,USD,42.56412665601804,10.643,USD,29.538345443701996,0.38141262455818,Producer manufacturing,Strong buy
GE,GE Aerospace,328,USD,0.10682130321990624,3951484,0.7822470708722447,342214643861.3782,USD,40.423958590091196,8.114,USD,26.528193612774466,0.492626493770658,Electronic technology,Buy
MS,Morgan Stanley,211.93,USD,-2.9046593668392373,6170991,0.9966985020589744,334273990452.4757,USD,19.194645461050076,11.0411,USD,29.550841292563295,1.90349290948891,Finance,Buy
HSBC,"HSBC Holdings, plc.",90.8,USD,-1.9650183545670559,2327904,1.3624398699120603,320904305138.25836,USD,15.005536183503825,6.0511,USD,11.526623292847004,3.98334045279795,Finance,Neutral
GS,"Goldman Sachs Group, Inc. (The)",1038.68,USD,-4.935887462131944,2643799,1.1468134792060272,306418308362.144,USD,18.981239515070886,54.7214,USD,26.993564617230493,1.48892432422048,Finance,Neutral
IBM,International Business Machines Corporation,284.84,USD,-5.610232958875968,12509354,0.7033641270729853,267716920000.08652,USD,25.186351056210373,11.3093,USD,94.53513374043176,2.20200896508851,Technology services,Buy
TXN,Texas Instruments Incorporated,285.06,USD,-6.650948030258376,11937344,1.38629410274337,259431060315.99347,USD,48.76738576292064,5.8453,USD,10.750487883438492,1.82118668783823,Electronic technology,Buy
DELL,Dell Technologies Inc.,394.39,USD,-6.553725861864714,10989781,0.6435717559855678,257309688649.35583,USD,31.342334681681276,12.5833,USD,100.62659438775508,0.523653462524936,Electronic technology,Buy
KLAC,KLA Corporation,1929.2,USD,-9.473980573412785,1858629,1.9939872342178575,252006619885.75757,USD,54.53846414799906,35.3732,USD,28.557358579709614,0.376451101354753,Electronic technology,Buy
BHP,BHP Group Limited,82.72,USD,-6.8258616805586865,4947710,2.019922634224949,235079198958.75247,USD,20.51536420227673,4.0321,USD,-9.901233464426177,2.89488167308751,Non-energy minerals,Neutral
SNDK,Sandisk Corporation,1559.32,USD,-11.386161120203681,13288879,1.2698790583273212,230919336189.776,USD,54.20497721355298,28.7671,USD,,0,Electronic technology,Buy
MRVL,"Marvell Technology, Inc.",263.47,USD,-16.736719021584545,93968605,1.6407133202472064,230483548119.91937,USD,90.03212137780208,2.9264,USD,,0.0795624067628046,Electronic technology,Strong buy
QCOM,QUALCOMM Incorporated,215.94,USD,-10.978274312569566,24189042,1.0158047292172872,227600754999.02963,USD,23.488589640394196,9.1934,USD,-6.380855397148674,1.42394304227831,Electronic technology,Neutral
C,"Citigroup, Inc.",132.47,USD,-1.9829818719940855,12557929,1.2027496441294807,227173779838.0417,USD,16.415117719950434,8.07,USD,27.480096044483766,1.84714846455784,Finance,Strong buy
PANW,"Palo Alto Networks, Inc.",272.05,USD,-2.5783348254252423,7795388,0.7207579144410378,221992794201.60876,USD,223.7805379616682,1.2157,USD,-30.432045779685268,0,Technology services,Buy
ADI,"Analog Devices, Inc.",401.39,USD,-6.383524582517026,7242611,1.418126252087898,195511871431.9157,USD,59.64899245081139,6.7292,USD,83.19222497481829,0.929924372243928,Electronic technology,Buy
ANET,"Arista Networks, Inc.",154.27,USD,-7.071863140774641,9094612,0.9003138135849381,194257185326.72092,USD,52.82495548554993,2.9204,USD,23.546831373212623,0,Electronic technology,Strong buy
STX,Seagate Technology Holdings PLC,847.47,USD,-8.479573213533621,3611240,1.123860630128032,190027341502.05557,USD,80.44328429046037,10.535,USD,52.226685547495876,0.310410443397931,Electronic technology,Buy
APP,Applovin Corporation,557.2,USD,-0.29881725624920985,5547042,1.1183694695793407,187185770611.1277,USD,49.15227324853126,11.3362,USD,104.69844709281328,0,Technology services,Strong buy
WDC,Western Digital Corporation,511.72,USD,-11.082536924413548,9009193,1.4218599505685017,176380734654.66763,USD,30.546618035947738,16.7521,USD,218.5112653294039,0.0757435491743953,Electronic technology,Buy
CRWD,"CrowdStrike Holdings, Inc.",671.02,USD,-6.684837781084433,5238763,1.32763499825466,170799088467.09955,USD,,-0.1885,USD,73.02132531844855,0,Technology services,Buy
APH,Amphenol Corporation,138.81,USD,-5.423451659058396,7168148,0.6241647517113357,170768844890.28116,USD,39.88793103448276,3.48,USD,68.63733281643728,0.562254437068148,Electronic technology,Strong buy
SCCO,Southern Copper Corporation,172.97,USD,-10.88154979648617,1920813,1.6094924217451612,144313310802.65292,USD,29.297582953640813,5.9039,USD,36.79417966125258,1.83588936365024,Non-energy minerals,Sell
IBKR,"Interactive Brokers Group, Inc.",84.4,USD,-3.0553641167011216,4274766,0.6417142981096464,143160302506,USD,36.28546861564919,2.326,USD,28.423144876325097,0.367183017785427,Finance,Buy
VRT,"Vertiv Holdings, LLC",300.51,USD,-7.227093109409738,7330000,1.3161116975558802,115428544056.12546,USD,75.4386845738672,3.9835,USD,130.95431354359923,0.0603427468018344,Electronic technology,Buy
SBUX,Starbucks Corporation,95.29,USD,1.2215848735925279,7623260,0.9105660206889119,108602007655.65106,USD,72.72935429705389,1.3102,USD,-52.37541347097525,2.57586818229221,Consumer services,Buy
FTNT,"Fortinet, Inc.",144.68,USD,-3.3340014699004348,7122281,1.089013793492863,105999564014.83289,USD,55.89985317981609,2.5882,USD,6.532208273307267,0,Technology services,Neutral
CDNS,"Cadence Design Systems, Inc.",376.19,USD,-8.62077341624563,3520057,1.30542714015473,103759224622.10332,USD,87.82304190498424,4.2835,USD,8.486982068686055,0,Technology services,Strong buy
NOK,Nokia Corporation Sponsored,14.38,USD,-13.477737665463296,185181232,1.398746943327152,95833498592.9521,USD,89.70679975046788,0.1603,USD,8.67796610169492,0.7181589958159,Electronic technology,Buy
UPS,"United Parcel Service, Inc.",108.54,USD,-1.52422427871529,4048071,0.6696394630406194,92259676832.34767,USD,17.57192119024106,6.1769,USD,-9.902564252166055,6.03662464341585,Transportation,Buy
FCX,"Freeport-McMoRan, Inc.",63.37,USD,-9.068732960252547,18100953,1.589196369026736,91098164655.18007,USD,33.71282651486939,1.8797,USD,55.154766817994215,0.849377123442808,Non-energy minerals,Buy
CMI,Cummins Inc.,651.22,USD,-3.9640171066214416,981864,0.9468155398001113,89861237545.02402,USD,33.80204197096394,19.2657,USD,-4.155514651012388,1.17245321178902,Producer manufacturing,Buy
USB,U.S. Bancorp,55.69,USD,0.4147133068878414,6500337,0.8424805998441206,86447575130.50545,USD,11.664781534079006,4.7742,USD,18.199598920551608,3.87655250282273,Finance,Buy
ASX,"ASE Technology Holding Co., Ltd.",34.03,USD,-11.380208333333327,21565988,2.237670845449604,86010249686.88652,USD,50.51959619952494,0.6736,USD,43.41068767298275,0.654637935354548,Electronic technology,Strong buy
DDOG,"Datadog, Inc.",234.11,USD,-3.895730706075526,6792767,0.988997581408118,83333842250.85738,USD,624.7931678676275,0.3747,USD,-18.825823223570197,0,Technology services,Strong buy
SNOW,Snowflake Inc.,238.26,USD,-2.4244409861577587,7162806,0.46267127689989107,82580917036.8576,USD,,-3.5146,USD,16.45828381269312,0,Technology services,Strong buy
ABNB,"Airbnb, Inc.",133.54,USD,-0.1346096320670108,4044942,1.092594305813833,80485209645.0113,USD,32.89243577428015,4.0599,USD,2.1538384117957854,0,Consumer services,Buy
FDX,FedEx Corporation,331,USD,0.9146341463414633,2584576,1.194484584926296,78978832332.10565,USD,17.61912873142273,18.7864,USD,17.954642489388956,1.78758552672132,Transportation,Buy
EMR,Emerson Electric Company,138.12,USD,-2.7734759960580018,2232670,0.8371102910908589,77361011308.81175,USD,31.86600221483943,4.3344,USD,3.4463007159904335,1.556289040318,Electronic technology,Buy
BE,Bloom Energy Corporation,263.61,USD,-9.527405017675118,11652490,1.1474205628812413,74982252636.59892,USD,,-0.0564,USD,32.85714285714286,0,Electronic technology,Buy
NXPI,NXP Semiconductors N.V.,295.96,USD,-8.149711377319857,8438112,2.4314207543989315,74721343330.04324,USD,28.319634091496262,10.4507,USD,13.848248815294934,1.26009693053312,Electronic technology,Buy
GM,General Motors Company,82.11,USD,-1.3338139870223498,7371585,0.8566151734726531,74035723615.25618,USD,33.119554695062924,2.4792,USD,-64.28849228641805,0.771113831089351,Consumer durables,Buy
COHR,Coherent Corp.,376.99,USD,-10.644702536146,6418683,1.1096604385461863,73754068969.41393,USD,179.98185811133393,2.0946,USD,,0,Electronic technology,Buy
MPWR,"Monolithic Power Systems, Inc.",1481.05,USD,-10.380612368389203,1369016,2.0485158907760255,72763988712.95541,USD,106.70389048991353,13.88,USD,-63.151159888922514,0.395292001254519,Electronic technology,Buy
STM,STMicroelectronics N.V.,70.72,USD,-9.749872383869322,20081513,1.633225252818738,70898254560.34035,USD,459.8179453836151,0.1538,USD,-86.87713310580205,0.383891607075649,Electronic technology,Buy
LITE,Lumentum Holdings Inc.,863.66,USD,-8.615143691539348,7540513,1.2748221114382126,67192750636.096565,USD,160.29026929715485,5.3881,USD,,0,Producer manufacturing,Buy
VALE,VALE S.A.,15.23,USD,-3.4242232086239643,25205806,1.163378385076493,67001957656.482,USD,23.244810744810746,0.6552,USD,-51.75612988734262,5.65718555417186,Non-energy minerals,Buy
URI,"United Rentals, Inc.",1067.77,USD,-1.553539488484438,560908,1.1994832608286088,66892111230.041985,USD,27.256065653278196,39.1755,USD,1.443101957108301,0.711730299646028,Finance,Buy
WBD,"Warner Bros. Discovery, Inc. - Series A",26.24,USD,-2.8148148148148207,49422921,2.469259831799685,65787267499.757034,USD,,-0.6988,USD,84.13440799182655,0,Consumer services,Neutral
HPE,Hewlett Packard Enterprise Company,49.2,USD,-8.362823617060897,37732976,0.6875731243903699,65150813570.28469,USD,47.17162032598275,1.043,USD,7.7590660192168555,0.988213961922031,Electronic technology,Buy
FIX,"Comfort Systems USA, Inc.",1843.94,USD,-3.693103178126552,365943,0.8452397505646203,64911164447.31393,USD,53.22215198824688,34.6461,USD,107.81259372113385,0.140537501891851,Industrial services,Strong buy
RKLB,Rocket Lab Corporation,110.08,USD,-8.228428511879954,21477105,0.755053449204895,63721731898.007324,USD,,-0.3303,USD,19.985465116279073,0,Electronic technology,Strong buy
TFC,Truist Financial Corporation,49.2,USD,0.04066693777959156,6861769,0.755931957664182,61297257838.35512,USD,12.196331184928113,4.034,USD,18.895340269386065,4.38633487979755,Finance,Buy
F,Ford Motor Company,14.9,USD,-2.8683181225554075,65372109,0.7308192554150336,59371920661.88415,USD,,-1.4073,USD,-212.7644230769231,3.81922342457034,Consumer durables,Neutral
NUE,Nucor Corporation,254.39,USD,-3.0082354735397234,1439845,0.9299931702733402,57935023131.43747,USD,25.20559617937895,10.0926,USD,79.7147385103011,0.861366546385752,Non-energy minerals,Buy
NBIS,Nebius Group N.V.,227.81,USD,-12.269418877806451,20873926,1.2221821781236073,57328484401.818184,USD,76.00507123077436,2.9973,USD,,0,Technology services,Buy
KEYS,Keysight Technologies Inc.,329.83,USD,-3.870478855177648,1251550,0.6573056910787722,56566672153.56139,USD,54.31982872200263,6.072,USD,42.6122084693614,0,Electronic technology,Buy
TER,"Teradyne, Inc.",357.93,USD,-12.026249815661409,5471125,1.6143941178027545,56031137177.38127,USD,66.24652970571906,5.403,USD,52.929521652986125,0.122049454438939,Electronic technology,Buy
CARR,Carrier Global Corporation,67.16,USD,-2.01342281879196,6387936,0.8141498001954668,55781784152.92749,USD,44.12325077195979,1.5221,USD,-65.07102370516557,1.37614678899083,Producer manufacturing,Buy
FLEX,Flex Ltd.,151.92,USD,-4.7583223622343445,5484965,0.9499686508344813,55660135917.19006,USD,65.15417935411931,2.3317,USD,10.433835369896748,0,Electronic technology,Buy
CRWV,"CoreWeave, Inc.",100.39,USD,-7.072109599185413,32460476,1.0988884899147873,54769807696.68323,USD,,-3.1473,USD,-21.728872558499315,0,Technology services,Buy
ALAB,"Astera Labs, Inc.",317.06,USD,-11.448121770702418,7314951,1.2485812974650763,54346603915.32876,USD,213.70989485036398,1.4836,USD,532.3955669224212,0,Electronic technology,Buy
DAL,"Delta Air Lines, Inc.",79.42,USD,-0.11319330901773789,5067578,0.6775508199081061,52178488381.66818,USD,11.59670000730087,6.8485,USD,21.407931358471153,0.952018278750952,Transportation,Strong buy
UMC,United Microelectronics Corporation (NEW),19.7,USD,-5.242905242905242,32089605,1.9136048478045533,52058645190.205124,USD,30.537901100604557,0.6451,USD,18.453911127432985,1.73565359477124,Electronic technology,Sell
ODFL,"Old Dominion Freight Line, Inc.",242.57,USD,-1.2015314434669344,2123486,1.0578383072403146,50446864425.1331,USD,50.72139511542322,4.7824,USD,-10.34793041391721,0.478691858002203,Transportation,Neutral
ROK,"Rockwell Automation, Inc.",446.71,USD,-3.359726548978892,844023,1.2535719887169714,49707190200.63552,USD,46.41625103906899,9.624,USD,21.16633932618221,1.18034349078466,Producer manufacturing,Buy
MCHP,Microchip Technology Incorporated,88.34,USD,-8.265835929387325,19736632,1.8424845807248136,47887280129.30752,USD,409.170912459472,0.2159,USD,,1.88503366131538,Electronic technology,Buy
ON,ON Semiconductor Corporation,117.26,USD,-11.045364891518728,19056584,1.7602967716198827,45954566512.597626,USD,83.58400456197876,1.4029,USD,-2.6912672539363216,0,Electronic technology,Buy
CCJ,Cameco Corporation,103.44,USD,-9.279073846693562,3894281,1.2922961675995814,45051530483.978935,USD,96.32623043601129,1.073850804,USD,170.61195254337045,0.150451354062187,Non-energy minerals,Buy
STT,State Street Corporation,161.75,USD,-0.6144393241167435,1743947,0.9300027415650214,44767068294.62249,USD,16.40483169200499,9.8599,USD,10.73438079087162,2.07752723587535,Finance,Buy
CLS,"Celestica, Inc.",371.71,USD,-12.612845589618212,3570233,1.3857107919992495,42736653210.01142,USD,45.20286828880246,8.223150744,USD,137.55662783391023,0,Electronic technology,Strong buy
HUM,Humana Inc.,350.08,USD,0.08004574042309111,1739359,1.5691879427879751,42031131208.99212,USD,37.46615438949475,9.3439,USD,-33.932220407412906,1.08078402637846,Health services,Neutral
GFS,GlobalFoundries Inc.,75.53,USD,-10.826446280991737,7048614,0.7572562556589849,42026192815.622635,USD,54.260057471264375,1.392,USD,,0,Electronic technology,Buy
XYZ,"Block, Inc.",68.15,USD,-3.865143179573981,4888141,0.7615645175015658,40561774289.68267,USD,52.94437538844004,1.2872,USD,-68.69116824362123,0,Commercial services,Strong buy
VIK,Viking Holdings Ltd,89.94,USD,-0.055561729081005845,1927479,0.5576566880473558,40093994054.55528,USD,33.49471175331446,2.6852,USD,117.98993343075175,0,Consumer services,Strong buy
HEI,Heico Corporation,331.43,USD,-0.4625041295011624,469719,0.5706072037915844,38897735173.581566,USD,59.19344180314694,5.5991,USD,30.878193590612646,0.0729239464008994,Electronic technology,Buy
STLD,"Steel Dynamics, Inc.",268.5,USD,-3.016073686111621,1120527,0.9620422725183299,38721133141.34228,USD,28.76087235956982,9.3356,USD,23.396999537373596,0.737833024388471,Non-energy minerals,Buy
A,"Agilent Technologies, Inc.",135.44,USD,-2.1175110211751154,2201180,0.677492465936473,38252581039.82358,USD,27.202795798268692,4.9789,USD,22.799358737205583,0.73216885007278,Health technology,Strong buy
CRDO,Credo Technology Group Holding Ltd,206.89,USD,-4.878160919540236,15917767,1.8047562974734073,38160848326.65409,USD,83.34944807026024,2.4822,USD,790.6350914962326,0,Technology services,Strong buy
TEVA,Teva Pharmaceutical Industries Limited,34.19,USD,-0.6970665117630032,5713369,0.8923903310933852,37833330172.1544,USD,25.40685145277551,1.3457,USD,,0,Health technology,Strong buy
JBL,Jabil Inc.,353.24,USD,-5.505323417687653,1011448,0.8539801277093101,37267747922.264244,USD,47.34105285729603,7.4616,USD,78.81518404907976,0.0844238075137189,Producer manufacturing,Buy
WAT,Waters Corporation,365.36,USD,-2.9510983610911925,676544,0.6199342115270392,35873181867.864235,USD,46.50890436243747,7.8557,USD,-28.76263885740195,0,Health technology,Buy
UAL,"United Airlines Holdings, Inc.",105.73,USD,0.7528111301696268,3835892,0.6522362419932601,34316757635.159023,USD,9.433187905391542,11.2083,USD,2.1760137106184336,0,Transportation,Strong buy
TWLO,Twilio Inc.,225.99,USD,-4.500507099391472,3389142,1.069120693747925,34299374864.43422,USD,350.5351326198232,0.6447,USD,,0,Technology services,Buy
NTAP,"NetApp, Inc.",167.04,USD,-6.613741823670829,3258633,0.5424744214230778,32962072657.94036,USD,26.273652421473173,6.3577,USD,11.899816952970992,1.14866357411089,Electronic technology,Buy
RVMD,"Revolution Medicines, Inc.",149.23,USD,-4.149270987218196,2140414,0.6395460555454247,31725771747.804787,USD,,-7.073,USD,-76.93115869521715,0,Health technology,Strong buy
CNC,Centene Corporation,62.33,USD,-0.5901116427432289,3961192,0.8926049942490484,30778366433.277412,USD,,-13.1443,USD,-295.7045441010065,0,Health services,Buy
TECK,Teck Resources Ltd,61.67,USD,-8.338287752675386,4839379,1.470555220417718,30193632683.903217,USD,22.77121657314827,2.708243532,USD,453.8008787023556,0.534702170890814,Non-energy minerals,Buy
FSLR,"First Solar, Inc.",279.01,USD,-11.411335132560724,3903926,1.078992450696172,29980562395.29304,USD,18.02553202486013,15.4786,USD,31.587180141120463,0,Electronic technology,Buy
ZM,"Zoom Communications, Inc.",101.62,USD,-3.412223172702204,3605572,0.6295185561620692,29798258803.058006,USD,14.912319319098982,6.8145,USD,104.61506125390343,0,Technology services,Buy
MTZ,"MasTec, Inc.",363.89,USD,-2.8927494462679877,887668,0.6658311161290483,28754062149.93872,USD,63.616020698938826,5.7201,USD,111.18289891456841,0,Industrial services,Strong buy
MDB,"MongoDB, Inc.",350.74,USD,-7.7437003524646215,1786156,0.41622039317181336,28210695878.969482,USD,,-0.371,USD,67.75595341560926,0,Technology services,Buy
DXCM,"DexCom, Inc.",72.86,USD,0.371952059512324,4859343,0.7815106694489206,28114702227.37639,USD,31.16205465976648,2.3381,USD,75.51985586667665,0,Health technology,Strong buy
STRL,"Sterling Infrastructure, Inc.",882.43,USD,-11.201119004971124,808689,1.1507174330584113,27078206458.646217,USD,78.89193852645883,11.1853,USD,30.73659357613726,0,Industrial services,Strong buy
CFG,"Citizens Financial Group, Inc.",63.98,USD,0.12519561815336197,3671514,0.8235133784133507,27055985183.786118,USD,15.151443389300685,4.2227,USD,34.463762578015526,2.92540224280839,Finance,Strong buy
JBHT,"J.B. Hunt Transport Services, Inc.",284.95,USD,0.5788712011577376,1146917,1.4057451950860809,26870556428.484375,USD,44.111955663575706,6.4597,USD,17.295540383497958,0.635600785574005,Transportation,Buy
TSEM,Tower Semiconductor Ltd.,235.48,USD,-9.884811143852135,1606505,0.8471912257313297,26316449782.744648,USD,109.3729679516953,2.153,USD,19.213732004429676,0,Electronic technology,Buy
XPO,"XPO, Inc.",218.94,USD,-0.14594545288698038,1034239,0.49177480359230347,25705741477.521057,USD,75.0154183512643,2.9186,USD,-10.196923076923074,0,Transportation,Buy
PPG,"PPG Industries, Inc.",113.8,USD,1.643444087173994,1934970,1.0100317280156923,25366019166.345272,USD,16.30395850943423,6.9799,USD,18.227243470307247,2.54960050273813,Process industries,Buy
SMCI,"Super Micro Computer, Inc.",41.64,USD,-11.215351812366734,49258956,0.9786674854216878,25043066124.86293,USD,21.964342230193058,1.8958,USD,4.636273319350914,0,Electronic technology,Neutral
ILMN,"Illumina, Inc.",162.32,USD,-3.4154468642151667,2061539,0.9945088135982747,24559015442.56807,USD,29.460234491270096,5.5098,USD,,0,Health technology,Buy
RF,Regions Financial Corporation,28.54,USD,0.38691523039043063,9464467,0.8838986464456873,24355452806.973724,USD,11.835448287301983,2.4114,USD,16.40278045954817,3.81386861313869,Finance,Neutral
ATI,ATI Inc.,177.47,USD,-2.0044174489232445,1274723,0.7527488241132271,24219407268.12032,USD,58.524600976124525,3.0324,USD,9.706595275134763,0,Non-energy minerals,Strong buy
CRS,Carpenter Technology Corporation,483.6,USD,-1.831025942917458,614869,0.9874425153897197,24027961227.846012,USD,50.90044101085161,9.5009,USD,34.63277076336635,0.164254183348732,Non-energy minerals,Buy
HPQ,HP Inc.,25.58,USD,-2.73764258555134,17560416,0.5198185742353094,23393491618.86482,USD,9.440507824033068,2.7096,USD,4.43228243274494,4.52688172043011,Technology services,Neutral
CPAY,"Corpay, Inc.",347.45,USD,-2.7241166918640514,492409,0.868523563386157,22709997571.175873,USD,20.769695194486122,16.7287,USD,17.324402987691553,0,Commercial services,Buy
FN,Fabrinet,621.25,USD,-13.08514507960491,919388,0.8895384692191871,22259225115.532757,USD,53.4165068828835,11.6303,USD,29.62884529647794,0,Electronic technology,Buy
WST,"West Pharmaceutical Services, Inc.",314.5,USD,-0.8886928022185785,636032,0.8872212943600534,22218667083.933483,USD,42.042644208274844,7.4805,USD,17.468318650774957,0.275046631469128,Health technology,Buy
CHRW,"C.H. Robinson Worldwide, Inc.",184.09,USD,-0.27087057803781356,1004534,0.6847162531686226,21699248454.47875,USD,37.26367353548439,4.9402,USD,18.025658790644343,1.38320239017373,Transportation,Buy
SNX,TD SYNNEX Corporation,268.8,USD,-3.1595633533883283,484133,0.5172006917047668,21609125097.402325,USD,22.331702210738825,12.0367,USD,50.41738521906475,0.658907788719785,Distribution services,Strong buy
WWD,"Woodward, Inc.",357.74,USD,-0.7270507270507283,655644,0.9131347625988054,21315171918.595497,USD,42.83439299783278,8.3517,USD,34.92245557350564,0.342827757620775,Producer manufacturing,Strong buy
IONQ,"IonQ, Inc.",56.78,USD,-13.524215656411812,32123189,0.885653395722726,21194267553.369778,USD,,-0.1712,USD,88.51160917997584,0,Electronic technology,Buy
OKTA,"Okta, Inc.",118.72,USD,-3.854875283446716,4017679,0.5930079281074091,20634354032.707256,USD,86.2289366647298,1.3768,USD,113.75562800807329,0,Technology services,Buy
MKSI,MKS Inc.,301.65,USD,-8.654574084728837,955719,0.971244636894144,20374688267.62226,USD,63.05129384223067,4.7842,USD,42.58210645526615,0.271520214829181,Producer manufacturing,Buy
LUV,Southwest Airlines Company,41.54,USD,0.5567659162430327,4885959,0.7547432792412453,20303659472.590164,USD,26.465341488277264,1.5696,USD,86.39116494478093,1.76168338634695,Transportation,Neutral
IREN,IREN Limited,54.35,USD,-12.140316844487549,64148218,1.2199514589605096,19395205299.305134,USD,187.1556473829201,0.2904,USD,,0,Technology services,Buy
DKS,Dick's Sporting Goods Inc,214.83,USD,-1.2729779411764623,1577025,0.9263499986166648,19216385525.151943,USD,20.419549844118322,10.5208,USD,-24.81705922707524,2.18026497747245,Retail trade,Buy
ENTG,"Entegris, Inc.",125.41,USD,-10.344581069488132,4669474,1.7450408443481045,19125025249.33649,USD,72.28242074927954,1.735,USD,-15.096647908000968,0.285042400057008,Producer manufacturing,Buy
AA,Alcoa Corporation,71.89,USD,-7.856959753909249,5738693,1.248899156955566,18971042326.48071,USD,18.082350277938477,3.9757,USD,17.679966848212164,0.49468216670789,Non-energy minerals,Buy
MRNA,"Moderna, Inc.",47.44,USD,-8.044194611358801,6084010,1.1441903099050534,18823540458.1117,USD,,-8.1462,USD,6.610262759664318,0,Health technology,Neutral
LSCC,Lattice Semiconductor Corporation,135.57,USD,-10.762243285939965,3057227,1.6346550438864538,18574156080.037643,USD,954.7183098591549,0.142,USD,-61.776581426648725,0,Electronic technology,Buy
ALB,Albemarle Corporation,155.44,USD,-6.16359794747963,1790567,0.9033239412347333,18331761069.860516,USD,,-3.4136,USD,69.31098964326812,0.962338125222764,Process industries,Buy
ROKU,"Roku, Inc.",122.26,USD,-2.6514849908432185,2021715,1.1068236482831029,18043569233.16432,USD,91.93863738908107,1.3298,USD,,0,Technology services,Strong buy
DOCN,"DigitalOcean Holdings, Inc.",169.87,USD,-5.8891966759002745,3208893,1.0933730863288575,17728342767.17722,USD,74.25361717008349,2.2877,USD,109.49633699633698,0,Technology services,Buy
TTMI,"TTM Technologies, Inc.",167.62,USD,-9.316165332179182,1992516,0.6403667914394333,17407347535.482807,USD,91.11268141544818,1.8397,USD,145.6864316239316,0,Electronic technology,Strong buy
SN,"SharkNinja, Inc.",119.82,USD,-2.9561836883453516,1667180,0.7141605400921008,16956971089.915388,USD,24.15336236090953,4.9608,USD,57.1066632885736,0,Consumer durables,Strong buy
GH,"Guardant Health, Inc.",125.61,USD,-5.598977904704647,3345530,1.182718946605818,16655875107.141935,USD,,-3.4003,USD,-0.6303640130216069,0,Health technology,Strong buy
SITM,SiTime Corporation,625.68,USD,-11.49961809386405,696688,1.314329589809667,16515967154.304537,USD,,-1.0106,USD,73.44997898276586,0,Electronic technology,Buy
AMKR,"Amkor Technology, Inc.",64.95,USD,-12.015713898672436,5688694,0.9949329496476158,16099319053.785238,USD,37.05077010838563,1.753,USD,37.40398181533154,0.442047872340426,Electronic technology,Neutral
GEN,Gen Digital Inc.,26.28,USD,-0.9049773755656051,6939480,0.8435120800892809,15831962864.232452,USD,16.606635071090047,1.5825,USD,53.596039988352906,1.88679245283019,Technology services,Buy
RMBS,"Rambus, Inc.",145.31,USD,-14.195453203424854,4360063,1.9644459346784309,15713383523.487345,USD,69.07025382640936,2.1038,USD,10.152363998115096,0,Electronic technology,Buy
NVMI,Nova Ltd.,475.76,USD,-8.578016910069175,970481,2.5879251793649924,15121066292.079544,USD,59.66914577402079,7.9733,USD,21.042324508136993,0,Electronic technology,Strong buy
RBRK,"Rubrik, Inc.",73.41,USD,-4.662337662337667,9492343,1.970184048017786,15108477133.70652,USD,,-1.7798,USD,72.42116680870846,0,Technology services,Strong buy
BBY,"Best Buy Co., Inc.",71.54,USD,0.774757008029316,3901910,0.5805363282557252,15073134628.944374,USD,13.226104640414126,5.409,USD,32.191211691676024,5.31158511083229,Retail trade,Neutral
DECK,Deckers Outdoor Corporation,108.13,USD,-0.7617474302496313,1181376,0.43524975697693136,15017197308.81967,USD,15.361338807518004,7.0391,USD,11.11795163225358,0,Consumer non-durables,Buy
APTV,Aptiv PLC,68.6,USD,-5.924300603400997,5326118,1.0820050877490546,14517168244.05363,USD,40.55571977534732,1.6915,USD,-71.97601020560315,0,Producer manufacturing,Strong buy
NTNX,"Nutanix, Inc.",53.64,USD,-2.4195015462979774,3783048,0.6500269105664528,14499991634.158371,USD,56.20284995808885,0.9544,USD,136242.85714285713,0,Technology services,Buy
AAOI,"Applied Optoelectronics, Inc.",177,USD,-12.760609197101871,19827636,1.6955965682677816,14202970383.370455,USD,,-0.6602,USD,82.91938321432268,0,Electronic technology,Buy
SMTC,Semtech Corporation,151.02,USD,-10.823737821080593,3840385,0.7987069316028087,14067689516.055414,USD,,-0.3956,USD,80.79984469035139,0,Electronic technology,Buy
DY,"Dycom Industries, Inc.",466.28,USD,-4.5622940417954485,412509,0.5670202642435476,14003066876.841791,USD,44.36114546665398,10.511,USD,33.28514728446253,0,Industrial services,Strong buy
RRX,Regal Rexnord Corporation,204.4,USD,-4.42345459646498,701894,0.875284214159773,13606820878.143728,USD,47.51057598438008,4.3022,USD,22.566308652175152,0.650346077019557,Producer manufacturing,Strong buy
SANM,Sanmina Corporation,252.08,USD,-10.013208153357365,609502,0.6910993387125139,13510916477.79004,USD,53.37963747247162,4.7224,USD,9.26675767602212,0,Electronic technology,Buy
KNX,Knight-Swift Transportation Holdings Inc.,78.57,USD,0,4372673,1.0821165932333083,12767153290.896128,USD,375.933014354067,0.209,USD,-77.5172117039587,0.945445253609301,Transportation,Buy
HUT,Hut 8 Corp.,112.24,USD,-12.147777082028812,6012813,1.4788038006316646,12637562101.168407,USD,,-2.9097,USD,-418.94060995184594,0,Miscellaneous,Strong buy
ONTO,Onto Innovation Inc.,253.24,USD,-7.832289998544177,1101985,1.0357675517994216,12597060795.230373,USD,117.56185878092938,2.1541,USD,-51.202881478796655,0,Electronic technology,Strong buy
SAIA,"Saia, Inc.",466.51,USD,-1.0436332011115153,423420,1.1855400070053872,12442388275.285194,USD,48.99800441130133,9.521,USD,-20.559694954568577,0,Transportation,Neutral
AUR,"Aurora Innovation, Inc.",6.31,USD,-7.74853801169591,41185095,1.4042391059391681,12375191060.739567,USD,,-0.4398,USD,7.215189873417711,0,Technology services,Buy
VICR,Vicor Corporation,271.04,USD,-11.459558343133407,926563,1.2319868249530241,12354384044.4977,USD,90.77330118222312,2.9859,USD,484.2105263157895,0,Electronic technology,Strong buy
WULF,TeraWulf Inc.,24,USD,-8.361970217640327,26701300,0.9745837537359461,11892783622.018349,USD,,-2.5116,USD,-663.172288058341,0,Technology services,Strong buy
VIAV,Viavi Solutions Inc.,47.56,USD,-10.618304829919186,6355750,0.911882344530248,11653102373.426935,USD,,-0.25,USD,-1290.4761904761906,0,Technology services,Strong buy
PL,Planet Labs PBC,32.22,USD,-25.982081323225366,40838303,2.9478030656953296,11482989512.840712,USD,,-0.7881,USD,-86.8421052631579,0,Technology services,Buy
APLD,Applied Digital Corporation,39.62,USD,-10.26047565118913,21846446,0.9862003565741664,11322188596.67233,USD,,-0.7392,USD,46.25954198473283,0,Technology services,Strong buy
SWKS,"Skyworks Solutions, Inc.",73.57,USD,-7.956962342049309,7169825,1.4205035413700648,11065368108.39995,USD,30.587892898719442,2.4052,USD,-6.057883841737297,3.52095214480536,Electronic technology,Neutral
SIMO,Silicon Motion Technology Corporation,258.7,USD,-12.206875487833857,1471263,1.2627595521927277,10288860396,USD,51.45493963442528,5.0277,USD,80.39827771797633,0.649117656652641,Electronic technology,Strong buy
HBM,Hudbay Minerals Inc.,25.66,USD,-14.807436918990707,10245521,1.6640418533076091,10192052824.95209,USD,15.610071082520953,1.6438105800000002,USD,334.47928555762417,0.047438330170778,Non-energy minerals,Strong buy
RIOT,"Riot Platforms, Inc.",24.66,USD,-10.229341099381138,18383867,1.1131228818746772,9325208822.992407,USD,,-2.458,USD,-80.44340038173543,0,Technology services,Strong buy
CIFR,Cipher Digital Inc.,22.45,USD,-12.133072407045015,25866945,0.9959579698913569,9183154332.953506,USD,,-2.2256,USD,-502.3274695534506,0,Technology services,Strong buy
VSAT,"ViaSat, Inc.",67.18,USD,-7.884272590154942,2557485,0.7971646269782228,9174702722.957485,USD,,-0.295,USD,93.37465750348112,0,Electronic technology,Strong buy
FORM,"FormFactor, Inc.",116.7,USD,-7.823545673551598,1260947,0.7840730107741507,9097321760.494366,USD,134.18420144877544,0.8697,USD,25.697355109119822,0,Electronic technology,Neutral
AAL,"American Airlines Group, Inc.",13.5,USD,1.5037593984962352,106125267,1.3345998265023336,8928699078.81356,USD,44.07443682664054,0.3063,USD,-64.63865158162086,0,Transportation,Buy
QBTS,D-Wave Quantum Inc.,23.85,USD,-13.712011577424018,34318596,0.5540130992167392,8822440913.06352,USD,,-1.1325,USD,-87.40691709415856,0,Electronic technology,Strong buy
BRKR,Bruker Corporation,56.39,USD,-5.96965149241287,3588287,1.0131743638935797,8584003477.157096,USD,,-0.2404,USD,-145.78175585602744,0.318979266347687,Health technology,Buy
CAVA,"CAVA Group, Inc.",72.6,USD,1.1846689895470304,1918343,0.6854487246323018,8456002576.150287,USD,139.40092165898616,0.5208,USD,-56.55655655655656,0,Consumer services,Buy
CORZ,"Core Scientific, Inc.",25.85,USD,-7.380867072733782,13426345,0.8906406553386578,8217334688.688214,USD,,-1.1469,USD,77.29495377427594,0,Technology services,Strong buy
VSH,"Vishay Intertechnology, Inc.",57.2,USD,-10.161771634992931,10644038,1.1575517584958057,7785268567.697358,USD,3575,0.016,USD,,0.625293106143505,Electronic technology,Buy
CLF,Cleveland-Cliffs Inc.,13.53,USD,-6.23700623700624,16589974,0.737622683095288,7717710315.377384,USD,,-2.3386,USD,3.8760327181552903,0,Non-energy minerals,Neutral
ENPH,"Enphase Energy, Inc.",56.07,USD,-18.014329580348004,10448779,1.105945114706684,7389925710.900609,USD,55.18157661647476,1.0161,USD,-5.470276304772534,0,Producer manufacturing,Neutral
MXL,"MaxLinear, Inc",80.92,USD,-14.106782719456525,4498504,0.8378909269447676,7246058992.531349,USD,,-1.5146,USD,42.61574600287945,0,Electronic technology,Buy
PRAX,"Praxis Precision Medicines, Inc.",254,USD,-4.0604343720491025,617734,1.1294480654352697,7081208088.947048,USD,,-13.3803,USD,-24.902451319007525,0,Health technology,Strong buy
LEGN,Legend Biotech Corporation,32.62,USD,-4.6198830409356875,2484731,0.6969237624225034,6682917613,USD,,-1.3602,USD,-13.7671462027434,0,Health technology,Strong buy
OSCR,"Oscar Health, Inc.",24.51,USD,3.855932203389831,9386016,1.36160926447461,6517258217.275611,USD,,-0.6096,USD,-318.80832735104093,0,Health services,Neutral
LUNR,"Intuitive Machines, Inc.",29.36,USD,-12.696996729110921,13942562,0.6736240175170357,6371735620.966006,USD,,-0.8716,USD,59.0605918271489,0,Electronic technology,Buy
ETSY,"Etsy, Inc.",66.86,USD,-0.28337061894108534,2666165,0.8444573783349529,6344762400.983744,USD,27.324369610527608,2.4469,USD,73.82254741777366,0,Retail trade,Buy
FLY,Firefly Aerospace Inc.,36.1,USD,-12.654246310186299,6683984,0.5807509296055637,5928891052.141781,USD,,-2.3696,USD,-21.52418072721679,0,Electronic technology,Buy
VSXY,Victorias Secret & Co.,74.6,USD,2.0799124247400056,3254935,0.7789778797215468,5925155244.460486,USD,30.58129048126588,2.4394,USD,22.46598724835584,0,Retail trade,Buy
NVTS,Navitas Semiconductor Corporation,25.08,USD,-18.22627975220086,36737836,0.8669817955901349,5861526214.307392,USD,,-0.6271,USD,-19.24320212968244,0,Electronic technology,Neutral
M,Macy's Inc,22.16,USD,-3.777681285280073,7497398,0.9123803909013256,5844467158.374312,USD,9.12046754743384,2.4297,USD,22.854831369772967,3.38853211009174,Retail trade,Neutral
AXTI,AXT Inc,89.04,USD,-15.992074724030559,9781417,1.1271073926923065,5825280427.031302,USD,,-0.3174,USD,25.59774964838255,0,Electronic technology,Buy
BB,BlackBerry Limited,9.41,USD,-8.994197292069629,70458552,1.2511905422115273,5514838510.115603,USD,108.04387201221664,0.08709425000000001,USD,,0,Technology services,Neutral
ZETA,Zeta Global Holdings Corp.,22.02,USD,-4.881209503239737,9621261,0.9097936501946159,5488652733.351955,USD,,-0.1046,USD,64.05498281786942,0,Technology services,Strong buy
ONDS,Ondas Inc,10.43,USD,-12.865497076023399,63879050,0.6254837185601203,5170804440.847546,USD,52.0979020979021,0.2002,USD,,0,Electronic technology,Strong buy
USAR,"USA Rare Earth, Inc.",22.47,USD,-17.084870848708494,23687713,1.3254005033348846,5011604336.182987,USD,,-3.8839,USD,-581.3359771966788,0,Producer manufacturing,Strong buy
PLUG,"Plug Power, Inc.",3.215,USD,-10.69444444444445,79374750,0.940548571174898,4485147200.063685,USD,,-1.2976,USD,42.86720676294469,0,Electronic technology,Neutral
BTDR,Bitdeer Technologies Group,17.47,USD,-11.003565970453389,15788004,1.1610307382368836,4250689247.0142055,USD,,-2.4604,USD,-28.641639652828598,0,Technology services,Strong buy
FLNC,"Fluence Energy, Inc.",22.91,USD,-15.616942909760583,12912435,0.8909745415085755,4222557575.5436625,USD,,-0.3694,USD,-25.00846023688664,0,Producer manufacturing,Neutral
CLSK,"CleanSpark, Inc.",15.59,USD,-7.0917759237187195,39577244,1.6744674018995858,4000528400.6729136,USD,,-2.1014,USD,-126.29765237992679,0,Technology services,Strong buy
RDW,Redwire Corporation,18.45,USD,-13.905739617358845,54048796,0.7818815314538121,3670050765.0886135,USD,,-2.6879,USD,-18.97574362606233,0,Electronic technology,Buy
PVH,PVH Corp.,77.8,USD,-0.460593654042988,2079317,1.2875744600272176,3584560863.744898,USD,24.693709134767982,3.1506,USD,-55.59408033826638,0.153061224489796,Consumer non-durables,Buy
INOD,Innodata Inc.,101.97,USD,-16.074074074074073,2127514,1.0673845062444718,3329866686.9958434,USD,91.9559924249256,1.1089,USD,6.635253389749009,0,Technology services,Strong buy
INFQ,"Infleqtion, Inc.",14.56,USD,-14.10029498525073,19441348,0.520518248689454,3176946605.5829983,USD,,-1.5417,USD,,0,Electronic technology,Strong buy
KEEL,Keel Infrastructure Corp.,5.13,USD,-13.490725126475544,113713051,2.5259112759562687,3097640833.946341,USD,,-0.6507,USD,-186.14775725593665,0,Technology services,Strong buy
AEHR,Aehr Test Systems,98.45,USD,-15.551552581917994,2352316,1.0948621836531667,3096572826.3500304,USD,,-0.3783,USD,-148.74371859296483,0,Electronic technology,Buy
PENG,"Penguin Solutions, Inc.",59.86,USD,-15.879707700955588,4794893,1.4650179962915733,3037746044.9158382,USD,85514.28571428571,0.0007,USD,,0,Electronic technology,Strong buy
WOLF,"Wolfspeed, Inc.",55.06,USD,-17.89442290486132,7787805,0.7876053979545696,2661549710.337279,USD,,-17.2532,USD,-106.57319715999569,0,Electronic technology,Neutral
TE,T1 Energy Inc.,9.43,USD,-19.12521440823328,41342488,0.7894509215009266,2633528946.9399996,USD,,-2.0321,USD,34.17233560090704,0,Producer manufacturing,Strong buy
POET,POET Technologies Inc.,11.86,USD,-23.36025848142165,57199193,1.5094036049790174,2046981615.9622886,USD,,-0.7242,USD,-11.175928768805646,0,Producer manufacturing,No rating