商品,描述,"價格變化 %, 1天","成交量, 1天","相對成交量, 1天",市場資本,市場資本 - 貨幣,本益比,"基本每股盈餘, 過去12個月","基本每股盈餘, 過去12個月 - 貨幣","稀釋每股盈餘成長率 %, TTM年增率","股息殖利率 %, 過去12個月",部門,分析師評級,價格,價格 - 貨幣,產業
NVDA,NVIDIA Corporation,-1.6381909547738647,150205314,0.9978101035260994,4736908000000,USD,29.976415816717207,6.5298,USD,110.33338701884364,0.0201005025125628,電子科技,強力買入,195.74,USD,半導體
GOOGL,Alphabet Inc. Class A,-0.45758637666889884,44564576,1.287757888649,4163072307901.7764,USD,26.21919124882715,13.1091,USD,46.187815730487436,0.243273769874598,科技服務,強力買入,343.71,USD,網路軟體/服務
GOOG,Alphabet Inc. Class C,-0.8259911894273194,27687526,1.2396883436057253,4147664846717.4834,USD,26.10324125988817,13.1091,USD,46.187815730487436,0.243450034778576,科技服務,強力買入,342.19,USD,網路軟體/服務
AAPL,Apple Inc.,-6.117783540330287,107251411,2.1517524809309787,4041225940774.9287,USD,33.28494526099316,8.2665,USD,29.004822172630675,0.358263955234066,電子科技,買入,275.15,USD,電信設備
TSM,"Taiwan Semiconductor Manufacturing Co., Ltd. Sponsored ADR",-1.3180580762250458,14812528,1.0561518796651526,1944137266935.4768,USD,36.15245883927162,12.0321,USD,54.805465493283926,0.597954540298981,電子科技,強力買入,434.99,USD,半導體
AVGO,Broadcom Inc.,-0.8270735729054802,23411639,0.689540623998353,1802694701959.9248,USD,63.07807557849177,6.007,USD,125.81008946695735,0.649095715444814,電子科技,強力買入,378.91,USD,半導體
MU,"Micron Technology, Inc.",15.741385394512209,83037511,1.53849317092732,1368572896452.1677,USD,27.47121154843047,44.1757,USD,697.3521289460858,0.0472098501683341,電子科技,強力買入,1213.56,USD,半導體
AMD,"Advanced Micro Devices, Inc.",2.468541963289345,27115288,0.8879418424868353,868408937735.4838,USD,174.79077094752046,3.0469,USD,123.34701656648583,0,電子科技,買入,532.57,USD,半導體
ASML,ASML Holding NV Sponsored ADR,4.448112913199117,2199731,0.9487239547201488,674146913217.2069,USD,61.39067459788205,29.9912,USD,26.402744587321447,0.423641087606438,電子科技,買入,1841.18,USD,半導體
INTC,Intel Corporation,0.9266995822255973,123118103,0.8525764683787139,667804589039.7256,USD,,-0.6263,USD,85.99601994499474,0,電子科技,中立,132.87,USD,半導體
AMAT,"Applied Materials, Inc.",13.418340492724582,16508245,1.4258016960207052,530364860581.24524,USD,62.764258197876536,10.643,USD,29.538345443701996,0.324294955600455,生產製造,強力買入,668,USD,工業機械
LRCX,Lam Research Corporation,7.209178228388469,16845230,1.2019268811754003,502504440904.25616,USD,75.84228308261453,5.2981,USD,47.59583240472476,0.269477054429029,生產製造,買入,401.82,USD,工業機械
BAC,Bank of America Corp,0.7968127490039856,33759457,0.8960952866570123,412950588146.8526,USD,14.438489404992309,4.0302,USD,20.322436184505147,1.90542179109648,金融,強力買入,58.19,USD,主要銀行
GE,GE Aerospace,1.4977588280310534,7592286,1.446759530317068,387453737573.20264,USD,45.76780872565935,8.114,USD,26.528193612774466,0.423636164862796,電子科技,買入,371.36,USD,航空與國防
ARM,ARM Holdings PLC Sponsored ADR,-3.1664253091233165,8379838,0.6210367933913531,382061105713,USD,410.8104914933837,0.8464,USD,13.595490538182803,0,電子科技,買入,347.71,USD,半導體
UNH,UnitedHealth Group Incorporated,2.3977328733366092,6018521,0.8929220540444065,377361209632.6323,USD,31.38254486133768,13.2408,USD,-44.64988148934658,2.17841301133563,健康服務,買入,415.53,USD,管理醫療保健
MS,Morgan Stanley,0.5367051760210945,5258000,0.7947344624840368,348643057940.4555,USD,20.019744409524414,11.0411,USD,29.550841292563295,1.81933957973256,金融,買入,221.04,USD,投資經理
SNDK,Sandisk Corporation,21.96650752692665,15029856,1.373105199448319,345789599954.2246,USD,81.16911332737746,28.7671,USD,,0,電子科技,買入,2335,USD,電腦周邊
KLAC,KLA Corporation,7.618097139055233,11975367,0.7600628877388007,338064033495.75354,USD,73.1631470330478,3.5373,USD,28.554295682512006,0.332667997338656,電子科技,買入,258.8,USD,半導體
HSBC,HSBC Holdings PLC Sponsored ADR,1.2892914224826937,1135596,0.7177574034636277,323287498260.22723,USD,15.709540414139578,6.0511,USD,11.526623292847004,3.97442727757059,金融,中立,95.06,USD,主要銀行
GS,"Goldman Sachs Group, Inc.",-1.0975847563863428,1950963,0.81430929255549,314209458436.90576,USD,19.463866056058503,54.7214,USD,26.993564617230493,1.43930319153875,金融,中立,1065.09,USD,投資銀行/經紀商
TXN,Texas Instruments Incorporated,2.870245125531981,8784671,0.9219752600371969,283776033003.2795,USD,53.34371204215353,5.8453,USD,10.750487883438492,1.8541123684471,電子科技,買入,311.81,USD,半導體
DELL,"Dell Technologies, Inc. Class C",-5.669723079758562,11179154,1.3803858771788116,265438671520.10596,USD,32.537090455415964,12.5841,USD,100.63934948979589,0.50799428650417,電子科技,買入,409.45,USD,電腦處理硬體
C,Citigroup Inc.,0.9680339856535874,12158545,0.8183592794814244,248627278761.48224,USD,17.96530359355638,8.07,USD,27.480096044483766,1.67142558674002,金融,強力買入,144.98,USD,主要銀行
MRVL,"Marvell Technology, Inc.",1.64799421756415,39264129,0.5603662523752978,246046255421.32007,USD,96.11126298523783,2.9264,USD,,0.0867365377665342,電子科技,強力買入,281.26,USD,半導體
PANW,"Palo Alto Networks, Inc.",2.744864334291518,8963636,1.2907855438763043,238868358177.4637,USD,241.08743933536232,1.2157,USD,-30.432045779685268,0,科技服務,買入,293.09,USD,套裝軟體
AXP,American Express Company,-0.02919196637086138,3524348,1.1007707664153021,233669502762.88486,USD,21.361027944111775,16.032,USD,11.993629104931163,0.995446053246147,金融,買入,342.46,USD,金融/租賃/出租
WDC,Western Digital Corporation,4.901915101812582,11748432,1.0461724798936214,232794869221.0182,USD,40.316736409166616,16.7521,USD,218.5112653294039,0.0698942267368715,電子科技,買入,675.39,USD,電腦周邊
SFTBY,SoftBank Group Corp. Unsponsored ADR,3.9840637450199243,2942573,0.6128956757882512,232732641572.66812,USD,7.222414389484607,2.891,USD,343.9496314496314,0.108730079681275,通訊,買入,20.88,USD,專業電信
STX,Seagate Technology Holdings PLC,3.2328215454316536,5552378,1.1028077775228833,229915435799.46704,USD,97.32890365448505,10.535,USD,52.226685547495876,0.293984394663982,電子科技,買入,1025.36,USD,電腦周邊
MUFG,"Mitsubishi UFJ Financial Group, Inc. Sponsored ADR",1.0600706713780963,2989243,0.8378701664686615,221480755799.99997,USD,14.164426206311022,1.4134,USD,34.72500238299496,2.45266532054518,金融,買入,20.02,USD,主要銀行
QCOM,QUALCOMM Incorporated,3.7941340357631375,34879204,1.6478869956869402,215964604006.45358,USD,22.287728152805272,9.1934,USD,-6.380855397148674,1.80335342687807,電子科技,中立,204.9,USD,半導體
BHP,BHP Group Ltd Sponsored American Depositary Receipt Repr 2 Shs,0.54509415262636,2101616,0.6508675370147123,208530288344.87234,USD,20.12846903598621,4.0321,USD,-9.901233464426177,3.2581764122894,非能源礦產,中立,81.16,USD,鋼
ANET,Arista Networks Inc,2.2938048720168043,8231153,1.104065071642646,208335083320.89157,USD,56.65319819202849,2.9204,USD,23.546831373212623,0,電子科技,強力買入,165.45,USD,電腦周邊
ADI,"Analog Devices, Inc.",1.15451641010746,6442350,1.225618890597027,203568286814.94278,USD,62.10693693158177,6.7292,USD,83.19222497481829,0.985090521831736,電子科技,買入,417.93,USD,半導體
APH,Amphenol Corporation Class A,1.4559528197567295,8485621,0.8534711551330768,203173225667.18668,USD,47.45689655172414,3.48,USD,68.63733281643728,0.509890649956997,電子科技,買入,165.15,USD,電子元件
SAN,Banco Santander S.A. Sponsored ADR,0.07479431563202367,6341485,0.6946542768195343,197703126672.46072,USD,10.68775461298826,1.2519,USD,43.995859213250526,1.49865370231862,金融,買入,13.38,USD,主要銀行
TOELY,Tokyo Electron Ltd Unsponsored ADR,6.300822241402809,914406,1.2775849443805705,196359904422.18088,USD,56.710775047258984,4.1262,USD,6.705629832682513,0.736212795311133,生產製造,買入,234,USD,工業機械
ABBNY,ABB Ltd. Sponsored ADR,1.0204081632653046,996113,1.655084329109747,191494006789.1081,USD,39.219426307681026,2.7262,USD,21.852232601796814,0.691231481742431,生產製造,中立,106.92,USD,電器產品
CRWD,"CrowdStrike Holdings, Inc. Class A",0.836527889215773,3008902,1.0706601420099553,172760419655.44952,USD,,-0.1885,USD,73.02132531844855,0,科技服務,買入,678.65,USD,套裝軟體
RIO,Rio Tinto plc Sponsored ADR,1.148569605445069,2964668,1.0282290006229025,162894679085.36923,USD,15.603057943434608,6.0956,USD,-13.847980326200638,4.24864404977135,非能源礦產,買入,95.11,USD,其他金屬/礦物
IBKR,"Interactive Brokers Group, Inc. Class A",-0.6789524733268775,3086566,0.6646039586638742,156322908518.39996,USD,39.621668099742045,2.326,USD,28.423144876325097,0.344864748356504,金融,買入,92.16,USD,投資銀行/經紀商
RYCEY,Rolls-Royce Holdings PLC Sponsored ADR,1.4477211796246816,3556665,1.0772957868012263,156109196637.00742,USD,20.970959875859013,0.9022,USD,137.0467682606411,0.75503269375067,電子科技,強力買入,18.92,USD,航空與國防
UBS,UBS Group AG,1.093117408906881,1673860,0.7609944019043,151214469493.60208,USD,17.84164905539186,2.7990686200000003,USD,85.69118793825896,2.12232408325074,金融,中立,49.94,USD,投資經理
SMFG,Sumitomo Mitsui Financial Group Inc Sponsored ADR,0.33869602032175394,1663961,0.6871774959953628,149924546907.1875,USD,14.371475350191012,1.6491,USD,39.31739461012081,2.31182895850974,金融,買入,23.7,USD,主要銀行
SCCO,Southern Copper Corporation,1.6817970204841635,1751640,1.1557166619051737,145782214162.20914,USD,29.595690983925877,5.9039,USD,36.79417966125258,2.10031127793296,非能源礦產,賣出,174.73,USD,其他金屬/礦物
VRT,Vertiv Holdings Co. Class A,2.888474544132979,6313821,0.9817557431307105,125054307483.49355,USD,81.72963474331618,3.9835,USD,130.95431354359923,0.0632051322567392,電子科技,買入,325.57,USD,電子生產設備
IFNNY,Infineon Technologies AG Sponsored ADR,4.279982166740975,465500,0.9701409173969295,117600919877.9061,USD,98.01990570979571,0.9545,USD,51.772936873906815,0.307852242627093,電子科技,買入,93.56,USD,半導體
SBUX,Starbucks Corporation,-0.35738433304356665,6854545,0.9209904608614341,117571445577.03699,USD,78.73607082888108,1.3102,USD,-52.37541347097525,2.38578189896648,消費者服務,中立,103.16,USD,餐廳
HWM,Howmet Aerospace Inc.,-1.0577410707817199,4997467,1.7975526217896254,109285356915.23834,USD,63.36472880805456,4.3106,USD,40.55234927777234,0.173875244512063,電子科技,買入,273.14,USD,航空與國防
CDNS,"Cadence Design Systems, Inc.",-1.1197636949516538,2171623,0.8569578948323808,101563727521.15001,USD,85.96474845336758,4.2835,USD,8.486982068686055,0,科技服務,買入,368.23,USD,套裝軟體
CMI,Cummins Inc.,4.7087944507605775,914987,0.8006141453991946,100399459058.41862,USD,37.7660816892197,19.2657,USD,-4.155514651012388,1.15129448673853,生產製造,買入,727.59,USD,汽車零件：OEM
UPS,"United Parcel Service, Inc. Class B",2.986621443376674,5821607,1.0245461901687858,92914182665.35783,USD,17.69657919020868,6.1769,USD,-9.902564252166055,6.18051629922744,運輸,買入,109.31,USD,空運/快遞
FCX,"Freeport-McMoRan, Inc.",1.5523932729624736,14181621,0.9417146646641558,90278756570.27814,USD,33.40958663616534,1.8797,USD,55.154766817994215,0.970245795601552,非能源礦產,買入,62.8,USD,其他金屬/礦物
BCS,Barclays PLC Sponsored ADR,2.631578947368418,4548408,0.8234162037900468,90091202177.45041,USD,11.19035907525824,2.4396,USD,21.621217408644497,1.68035338345865,金融,買入,27.3,USD,投資銀行/經紀商
ASX,"ASE Technology Holding Co., Ltd. Sponsored ADR",1.2336719883889646,16367622,1.2666915403536128,89878527595.46584,USD,62.12885985748219,0.6736,USD,43.41068767298275,0.631993226898887,電子科技,無評級,41.85,USD,半導體
ITUB,Itau Unibanco Holding S.A. Sponsored ADR Pfd,1.903553299492379,24731727,0.9738653658088494,89247958865.66039,USD,11,0.73,USD,7.892403192432752,6.63042630954784,金融,買入,8.03,USD,主要銀行
ING,ING Groep N.V. Sponsored ADR,-0.09661835748792637,5377682,0.9518407366189086,88431630009.71075,USD,12.26717285561751,2.5287,USD,,3.46466666666667,金融,買入,31.02,USD,主要銀行
BE,Bloom Energy Corporation Class A,-5.214752138324287,13128337,1.1488382666873291,87944358912.04782,USD,,-0.0564,USD,32.85714285714286,0,電子科技,買入,309.18,USD,電子生產設備
MMM,3M Company,1.2416370321258527,2381833,0.5189121670646577,87607654720.84744,USD,32.40537099201297,5.1834,USD,-34.5232681521904,1.82026399855343,生產製造,買入,167.97,USD,工業集團
RCL,Royal Caribbean Group,0.5296775198629035,1655814,0.6400051886441668,86533112557.91245,USD,19.694916495751535,16.3824,USD,37.58860483085296,1.32419379965727,消費者服務,買入,322.65,USD,酒店/度假村/遊輪
ABNB,"Airbnb, Inc. Class A",-1.7451523545706442,3033293,0.7360611004193445,85511767072.52327,USD,34.94667356338826,4.0599,USD,2.1538384117957854,0,消費者服務,買入,141.88,USD,酒店/度假村/遊輪
LYG,Lloyds Banking Group plc Sponsored ADR,2.4955436720142545,22798890,0.6433100364284989,82527487638.5142,USD,13.713331743381827,0.4193,USD,,3.4854367201426,金融,買入,5.75,USD,主要銀行
EMR,Emerson Electric Co.,2.7573529411764746,3135221,1.028543464659179,81404931856.48161,USD,33.53174603174604,4.3344,USD,3.4463007159904335,1.55012726244344,電子科技,買入,145.34,USD,電子設備/儀器
COHR,Coherent Corp.,3.7579617834394905,4544342,0.7413467615756199,79674116329.03758,USD,194.42853050701805,2.0946,USD,,0,電子科技,買入,407.25,USD,半導體
SNOW,"Snowflake, Inc.",0.4912591281256976,5417661,0.8736174437199068,78698996322.57695,USD,,-3.5146,USD,16.45828381269312,0,科技服務,強力買入,227.06,USD,套裝軟體
DDOG,"Datadog, Inc. Class A",-0.7680215584998913,2838706,0.6154473956193168,78645843695.38783,USD,589.6450493728316,0.3747,USD,-18.825823223570197,0,科技服務,強力買入,220.94,USD,套裝軟體
FDX,FedEx Corporation,3.980052394028348,2709152,1.1112578211815352,78606604549.12831,USD,17.764069602540804,18.5453,USD,9.976279428334232,1.83063472524698,運輸,買入,329.44,USD,空運/快遞
NOK,Nokia Oyj Sponsored ADR,1.2309920347574217,76692720,0.7040815607356088,78072802218.8682,USD,87.21147847785403,0.1603,USD,8.67796610169492,0.870007241129616,電子科技,買入,13.98,USD,電信設備
NXPI,NXP Semiconductors NV,1.5575052710331172,3459752,0.7757085899651718,75397964077.85077,USD,28.576076243696594,10.4507,USD,13.848248815294934,1.37931034482759,電子科技,買入,298.64,USD,半導體
TER,"Teradyne, Inc.",10.477528089887638,7039154,1.2265827834131857,73881639961.39719,USD,87.35147140477513,5.403,USD,52.929521652986125,0.117041198501873,電子科技,買入,471.96,USD,電子生產設備
FIX,"Comfort Systems USA, Inc.",3.2284967280132166,401440,0.7635774470751278,71023359396.74207,USD,58.23368286762435,34.6461,USD,107.81259372113385,0.133028391328595,工業服務,強力買入,2017.57,USD,工程與建築
GM,General Motors Company,-0.5319822672577602,8451125,0.8757579414324426,70807762366.96138,USD,31.675540496934495,2.4792,USD,-64.28849228641805,0.797973400886637,耐用消費品,買入,78.53,USD,機車
MPWR,"Monolithic Power Systems, Inc.",0.2334576117634697,1004903,0.9425019266880316,70663678131.97826,USD,103.62391930835734,13.88,USD,-63.151159888922514,0.465521446740305,電子科技,買入,1438.3,USD,半導體
UMC,United Microelectronics Corp. Sponsored ADR,-1.0349750178443937,20957135,1.0133584021671505,70223648018.3867,USD,42.98558363044489,0.6451,USD,18.453911127432985,1.32730096394145,電子科技,賣出,27.73,USD,半導體
CIEN,Ciena Corporation,4.569480701602988,3558877,1.0063130725830156,68609285019.415245,USD,161.3320906700396,3.0043,USD,318.48446858894005,0,電子科技,買入,484.69,USD,電信設備
ALAB,"Astera Labs, Inc.",-0.48009601920384476,4961856,0.6879028141739654,68220363892.99859,USD,268.26637907791854,1.4836,USD,532.3955669224212,0,電子科技,買入,398,USD,半導體
NWG,NatWest Group Plc Sponsored ADR,2.118893466745162,7014776,0.9689787869611598,67780908297.382,USD,9.283039058319957,1.869,USD,25.88401697312589,5.03426133019423,金融,買入,17.35,USD,主要銀行
WBD,"Warner Bros. Discovery, Inc. Series A",-0.8088235294117606,20443144,0.8198383128057314,67642550569.402214,USD,,-0.6988,USD,84.13440799182655,0,消費者服務,中立,26.98,USD,有線/衛星電視
NBIS,Nebius Group N.V. Class A,-1.1669105753678,14495407,0.7712316916492963,64581052577.902596,USD,85.62039168585059,2.9973,USD,,0,科技服務,買入,256.63,USD,套裝軟體
STM,STMicroelectronics NV Sponsored ADR RegS,4.101209509245083,11006929,0.8435132831515177,64166792221.94195,USD,486.86605981794537,0.1538,USD,-86.87713310580205,0.425946547884187,電子科技,買入,74.88,USD,半導體
CARR,Carrier Global Corp.,2.619497704563864,5512603,0.9515865789252049,63124111688.90089,USD,49.93101635897773,1.5221,USD,-65.07102370516557,1.25573859033216,生產製造,買入,76,USD,工業機械
VALE,Vale S.A. Sponsored ADR,1.8867924528301845,32388463,1.367443357451538,62347418825.96759,USD,23.076923076923077,0.6552,USD,-51.75612988734262,6.1222641509434,非能源礦產,買入,15.12,USD,鋼
KEYS,Keysight Technologies Inc,2.4935952177625937,1143414,0.8397924855136836,61532584958.42271,USD,59.32382113553234,6.0694,USD,42.551142635695335,0,電子科技,買入,360.06,USD,電子設備/儀器
DAL,"Delta Air Lines, Inc.",1.6105901820187465,11819359,1.302670961966668,60515748177.798004,USD,13.449660509600644,6.8485,USD,21.407931358471153,0.827357970215113,運輸,強力買入,92.11,USD,航空公司
FLEX,Flex Ltd,7.0063694267515935,8369866,0.6246572819301067,59089432978.8535,USD,69.16841789252476,2.3317,USD,10.433835369896748,0,電子科技,買入,161.28,USD,電子生產設備
F,Ford Motor Company,1.9508670520231184,61756070,1.1183016341404042,56224013941.946526,USD,,-1.4073,USD,-212.7644230769231,4.33526011560694,耐用消費品,中立,14.11,USD,機車
ROK,"Rockwell Automation, Inc.",4.1314594782457545,696411,0.9863305302292644,53343621344.357834,USD,49.81192851205319,9.624,USD,21.16633932618221,1.18383039728914,生產製造,買入,479.39,USD,電器產品
MCHP,Microchip Technology Incorporated,1.7733564013840835,9767785,0.7940130843522938,51020498380.02293,USD,435.9425660027791,0.2159,USD,,1.96799307958478,電子科技,買入,94.12,USD,半導體
FER,Ferrovial N.V.,0.963612828994681,1437671,0.773718485754429,50419954701.96636,USD,48.459223324533646,1.448640634,USD,-68.71270985641983,1.52804818887451,工業服務,買入,70.2,USD,工程與建築
CRDO,Credo Technology Group Holding Ltd.,-0.3568905907282934,8181554,0.8623770062873894,49981667046.085045,USD,108.08532946205338,2.4798,USD,789.7739504843918,0,科技服務,強力買入,268.03,USD,資訊科技服務
DHI,"D.R. Horton, Inc.",0.26424839348987916,2289241,0.9025919918041131,47343616057.84367,USD,15.640369860318707,10.6743,USD,-19.23199152542372,1.05098792865293,耐用消費品,中立,166.95,USD,住宅建築
GFS,GlobalFoundries Inc.,2.8912783751493447,2616360,0.9135044622009404,47254111661.304665,USD,61.86781609195403,1.392,USD,,0,電子科技,買入,86.12,USD,半導體
STT,State Street Corporation,0.3789897554331653,2429306,0.7789337935165216,46914777697.31771,USD,17.191857929593606,9.8599,USD,10.73438079087162,1.94232249659501,金融,買入,169.51,USD,金融/租賃/出租
RKLB,Rocket Lab Corporation,-5.526284978339771,26902436,0.8025092675759627,46708819986.43731,USD,,-0.3303,USD,19.985465116279073,0,電子科技,買入,80.69,USD,航空與國防
ON,ON Semiconductor Corporation,2.5920165889061693,8602733,0.705486361220654,46534584900.01711,USD,84.63896214983248,1.4029,USD,-2.6912672539363216,0,電子科技,買入,118.74,USD,半導體
VIK,Viking Holdings Ltd,-0.1455604075691329,2641303,0.8711572347476333,45909568012.46871,USD,38.32116788321168,2.6852,USD,117.98993343075175,0,消費者服務,買入,102.9,USD,酒店/度假村/遊輪
MT,ArcelorMittal SA ADR,0.5693834390759743,1034208,0.5670213876488324,45807483910.51638,USD,14.947169902560505,4.1359,USD,149.60168980084492,0.795103302423947,非能源礦產,買入,61.82,USD,鋼
GRMN,Garmin Ltd.,-1.9656019656019652,987243,0.9691422335890343,45400279125.776566,USD,26.24853654457267,8.9685,USD,18.14337654125831,1.24156320306641,電子科技,中立,235.41,USD,電信設備
HUM,Humana Inc.,3.9707996902997498,1151430,0.6999509791763626,45143126034.70856,USD,40.24015667975899,9.3439,USD,-33.932220407412906,0.978874018360801,健康服務,中立,376,USD,管理醫療保健
CCJ,Cameco Corporation,-2.8694673668417123,3044247,0.8656930476497487,45112502621.376656,USD,96.45660236428895,1.073850804,USD,170.61195254337045,0.15817570684769,非能源礦產,買入,103.58,USD,其他金屬/礦物
TTWO,"Take-Two Interactive Software, Inc.",1.2512194087458068,2853474,0.8897957844718167,44322345041.584595,USD,,-1.6144,USD,93.64199183982105,0,科技服務,強力買入,238.72,USD,套裝軟體
XYZ,"Block, Inc. Class A",-2.1141649048625903,5010196,0.8219511901822377,44091212327.25158,USD,57.55127408328154,1.2872,USD,-68.69116824362123,0,商業服務,強力買入,74.08,USD,雜項商業服務
UAL,"United Airlines Holdings, Inc.",3.1139880496399557,7329690,1.1109988949716505,43688706618.42664,USD,12.009403745438648,11.2083,USD,2.1760137106184336,0,運輸,強力買入,134.605,USD,航空公司
CLS,Celestica Inc.,-0.2318904593639664,2519139,1.495798042898712,41551282220.47618,USD,43.949090956856715,8.223150744,USD,137.55662783391023,0,電子科技,強力買入,361.4,USD,電子元件
HEI.A,HEICO Corporation Class A,4.6753669146644015,772627,2.1359625636294726,41116916207.24674,USD,45.984176028290264,5.5991,USD,30.878193590612646,0.097572874740822,電子科技,買入,257.47,USD,航空與國防
HEI,HEICO Corporation,2.132418729495967,460705,0.9832153075166176,40118035663.22935,USD,61.161615259595294,5.5991,USD,30.878193590612646,0.0715776916194453,電子科技,買入,342.45,USD,航空與國防
JBL,Jabil Inc.,0.7638515330822955,1514322,0.86880695026283,39525501949.779015,USD,46.71030484383766,8.0205,USD,55.92254903866715,0.0860677783754707,生產製造,買入,374.64,USD,工業機械
CCL,Carnival Corporation Ltd.,-1.5565548253199561,29398707,0.9605894067265677,39368090365.93981,USD,12.799640206881044,2.2235,USD,20.514905149051494,1.03770321687997,消費者服務,強力買入,28.46,USD,酒店/度假村/遊輪
TEVA,Teva Pharmaceutical Industries Limited Sponsored ADR,-1.7533606078316815,7448003,1.1588538945822715,38949015186.06985,USD,24.983280077283197,1.3457,USD,,0,健康科技,強力買入,33.62,USD,醫藥：仿製藥
A,"Agilent Technologies, Inc.",2.9476563093519683,2026934,0.8505731064532989,38272354395.36238,USD,27.21685512864287,4.9789,USD,22.799358737205583,0.764263465775279,健康科技,買入,135.51,USD,醫療專業
RVMD,"Revolution Medicines, Inc.",4.947870648524461,5508269,1.9305646808173278,37878313311.87984,USD,,-7.073,USD,-76.93115869521715,0,健康科技,強力買入,178.17,USD,醫藥：其他
NTRA,"Natera, Inc.",0.2961880216948039,2466865,1.5454747470203816,37341977784.428276,USD,,-1.6413,USD,-11.942436229709456,0,健康科技,強力買入,260.74,USD,生物技術
WAT,Waters Corporation,2.0884121566715366,936589,1.0553237969973062,37005265045.293594,USD,47.97662843540359,7.8557,USD,-28.76263885740195,0,健康科技,買入,376.89,USD,醫療專業
HBAN,Huntington Bancshares Incorporated,1.8202502844141086,24234206,0.9800404730547293,36285637855.056885,USD,13.705972434915772,1.306,USD,0.6861460180402538,3.52673492605233,金融,強力買入,17.9,USD,主要銀行
STLD,"Steel Dynamics, Inc.",3.9638818705214733,1122383,0.7230698464870604,36197407639.23291,USD,26.886327606152793,9.3356,USD,23.396999537373596,0.840823427080313,非能源礦產,買入,251,USD,鋼
RYAAY,Ryanair Holdings PLC Sponsored ADR,0.6904126784873762,850157,0.9175926254719198,32011555923.200367,USD,13.723267750213857,4.676,USD,48.912455017356145,1.10680213400282,運輸,買入,64.17,USD,航空公司
CNC,Centene Corporation,2.858504049547399,5803979,0.9318070501251705,31983232119.948544,USD,,-13.1443,USD,-295.7045441010065,0,健康服務,買入,64.77,USD,管理醫療保健
IR,Ingersoll Rand Inc.,4.315628192032699,5279453,1.1520530687130761,31972220768.09244,USD,55.06132902008357,1.4838,USD,-26.64623294443346,0.102145045965271,生產製造,買入,81.7,USD,工業機械
MTZ,"MasTec, Inc.",2.6529989316782845,1020804,0.9694529497589245,31889519303.08997,USD,70.55296236079788,5.7201,USD,111.18289891456841,0,工業服務,強力買入,403.57,USD,工程與建築
AMRZ,Amrize Ltd,2.475701448743813,2895177,0.9458347819456504,30886884859.868694,USD,26.734283800593246,2.0902,USD,-6.147007318934949,1.00861910874748,非能源礦產,買入,55.88,USD,建築材料
NTAP,"NetApp, Inc.",-0.6235536127539205,2076771,0.6291957700536078,30287260247.761055,USD,24.315014627701405,6.3578,USD,11.901577020557582,1.33710465415274,電子科技,中立,154.59,USD,電腦周邊
TSEM,Tower Semiconductor Ltd,-1.9758826093273274,1508982,0.7765191396497564,30160878032.439053,USD,125.3506734788667,2.153,USD,19.213732004429676,0,電子科技,買入,269.88,USD,半導體
CRS,Carpenter Technology Corporation,3.1482915913589746,875683,0.9318973796861157,29773606595.540264,USD,63.07191950236294,9.5009,USD,34.63277076336635,0.137705482399518,非能源礦產,買入,599.24,USD,其他金屬/礦物
MTSI,"MACOM Technology Solutions Holdings, Inc.",4.586147743111401,1921390,1.211251751419638,29769847909.6772,USD,169.17707249392993,2.3064,USD,,0,電子科技,買入,390.19,USD,半導體
TECK,Teck Resources Limited Class B,2.2530329289428024,2003101,0.6140529994516719,28888965064.69013,USD,21.785337730107795,2.708243532,USD,453.8008787023556,0.608790941190795,非能源礦產,中立,59,USD,其他金屬/礦物
WSM,"Williams-Sonoma, Inc.",1.8670966646864149,1463847,1.0007139719330551,28266252247.257233,USD,26.870082045197613,8.9341,USD,1.1331220285261625,1.16269201391836,零售業,買入,240.06,USD,專賣店
MKSI,MKS Inc.,7.517949792987788,2437821,1.797918715716822,27714034107.435112,USD,85.7635550353246,4.7842,USD,42.58210645526615,0.238457103925371,生產製造,買入,410.31,USD,工業機械
PPG,"PPG Industries, Inc.",1.1737477268970091,1672145,0.7505119263822416,27282960010.11737,USD,17.53606785197496,6.9799,USD,18.227243470307247,2.34749545379402,加工業,買入,122.4,USD,特種工業品
ATI,ATI Inc,0.9666481097221501,1640107,0.7873629387767799,27225849974.540714,USD,65.78947368421052,3.0324,USD,9.706595275134763,0,非能源礦產,強力買入,199.5,USD,其他金屬/礦物
STRL,"Sterling Infrastructure, Inc.",1.6938989656723062,663475,0.9917673481742796,27062555183.469944,USD,78.84634296800265,11.1853,USD,30.73659357613726,0,工業服務,強力買入,881.92,USD,工程與建築
ENTG,"Entegris, Inc.",2.811151288930359,3135615,0.7934868292976226,26882701052.786182,USD,101.60230547550432,1.735,USD,-15.096647908000968,0.233290563396711,生產製造,買入,176.28,USD,工業機械
ILMN,"Illumina, Inc.",1.4621052030384387,2925365,1.4363859362906555,26878444979.70758,USD,32.242549638825366,5.5098,USD,,0,健康科技,買入,177.65,USD,醫療專業
FSLR,"First Solar, Inc.",0.11273957158961696,1208745,0.558216198270347,26717203872.29763,USD,16.063468272324368,15.4786,USD,31.587180141120463,0,電子科技,買入,248.64,USD,半導體
SYF,Synchrony Financial,2.8825995807127924,3634998,1.0180472856477856,26411791081.422436,USD,8.12819610360034,9.6602,USD,32.616723638510216,1.57232704402516,金融,買入,78.52,USD,金融/租賃/出租
JBHT,"J.B. Hunt Transport Services, Inc.",2.088753437894895,784631,0.7346360076703979,25902104561.24537,USD,42.52209854946825,6.4597,USD,17.295540383497958,0.66156247677098,運輸,買入,274.68,USD,貨車運輸
PHM,"PulteGroup, Inc.",0.0736865374696001,1790830,0.8378883116585377,25869953646.806423,USD,13.128081198646688,10.345,USD,-27.02094488300071,0.707390759708201,耐用消費品,買入,135.81,USD,住宅建築
AFRM,"Affirm Holdings, Inc. Class A",-1.0430079835179014,3672532,0.7723332432969209,25736957286.303753,USD,69.83824063976735,1.1004,USD,,0,科技服務,買入,76.85,USD,套裝軟體
LUV,Southwest Airlines Co.,2.25755791126817,7781713,0.9977383634792341,25460221979.826073,USD,33.18679918450561,1.5696,USD,86.39116494478093,1.41342756183746,運輸,中立,52.09,USD,航空公司
WST,"West Pharmaceutical Services, Inc.",1.8066449281748411,1615321,2.0434755052422124,24483629275.10144,USD,46.328453980348904,7.4805,USD,17.468318650774957,0.255574160571076,健康科技,強力買入,346.56,USD,醫療專業
XPO,"XPO, Inc.",3.144845806025503,1661057,0.9714878964131178,23836574518.760452,USD,69.56074830398136,2.9186,USD,-10.196923076923074,0,運輸,買入,203.02,USD,貨車運輸
MRNA,"Moderna, Inc.",-1.1089043363124822,6798819,0.6916716437525388,23707978010.290466,USD,,-8.1462,USD,6.610262759664318,0,健康科技,中立,59.75,USD,生物技術
SNX,TD SYNNEX Corporation,-1.9737306687380947,1605324,1.6567438622288377,22318978521.770954,USD,23.06529198202165,12.0367,USD,50.41738521906475,0.649671633359226,配送服務,強力買入,277.63,USD,電子配銷商
TTMI,"TTM Technologies, Inc.",0.3957280442452484,1607487,0.8013898181042279,21867707603.65042,USD,114.45887916508127,1.8397,USD,145.6864316239316,0,電子科技,強力買入,210.57,USD,電子元件
CPAY,"Corpay, Inc.",-5.3593214430953315,1358374,1.8933997225358046,21295566322.17275,USD,19.47610991888192,16.7287,USD,17.324402987691553,0,商業服務,買入,325.81,USD,雜項商業服務
CHRW,"C.H. Robinson Worldwide, Inc.",1.726083032490976,1137885,0.8721118721443688,21257223751.6153,USD,36.50459495566981,4.9402,USD,18.025658790644343,1.41019855595668,運輸,買入,180.34,USD,空運/快遞
DKS,"Dick's Sporting Goods, Inc.",0.15194361203730436,1321453,1.2108820336284394,21238144300.759506,USD,22.559514755095833,10.5184,USD,-24.83420992453694,2.06284556620099,零售業,買入,237.29,USD,專賣店
AMKR,"Amkor Technology, Inc.",3.455775737071048,6621296,0.9269655610799387,21222845094.946835,USD,48.841985168282946,1.753,USD,37.40398181533154,0.401667472208796,電子科技,買入,85.62,USD,半導體
HPQ,HP Inc.,-1.5886646629454593,18021476,1.003950707138439,20960861224.812366,USD,8.45881310894597,2.7096,USD,4.43228243274494,5.0613997423787,科技服務,中立,22.92,USD,資訊科技服務
OKTA,"Okta, Inc. Class A",0.5734525215044753,3327953,0.9565195922294792,20728265991.154495,USD,86.6211504938989,1.3768,USD,113.75562800807329,0,科技服務,買入,119.26,USD,套裝軟體
SQM,Sociedad Quimica y Minera de Chile S.A. Sponsored ADR Pfd Series B,-3.2680603334215386,1079720,0.9100269935117634,20522152140.882973,USD,25.700425352409745,2.8447,USD,35.236510577608755,0.875469700979095,加工業,買入,73.11,USD,化學品：特種
FN,Fabrinet,-0.06688139113293477,898471,1.0818851539132153,20343766677.73487,USD,48.819892866048164,11.6303,USD,29.62884529647794,0,電子科技,買入,567.79,USD,半導體
SN,"SharkNinja, Inc.",1.8974249233183513,1569591,0.9523549197641233,20216185276.04965,USD,28.795758748588938,4.9608,USD,57.1066632885736,0,耐用消費品,強力買入,142.85,USD,電子/電器
ROKU,"Roku, Inc. Class A",-0.8828073273008292,7353918,0.6150601473054532,19986139185.280727,USD,101.31598736652127,1.3298,USD,,0,科技服務,買入,134.73,USD,套裝軟體
LII,Lennox International Inc.,3.4399637516991426,508958,1.5173471839707213,19861386147.29666,USD,25.69571070320696,22.2111,USD,-1.0059366754617562,0.942455822383326,生產製造,買入,570.73,USD,工業機械
LSCC,Lattice Semiconductor Corporation,0.1875911901618716,2177303,1.221377904001052,19756532157.85173,USD,1015.4929577464789,0.142,USD,-61.776581426648725,0,電子科技,買入,144.2,USD,半導體
GH,"Guardant Health, Inc.",4.366238317757001,2547297,1.1634154131417547,18953832714.878647,USD,,-3.4003,USD,-0.6303640130216069,0,健康科技,強力買入,142.94,USD,醫療專業
TLN,Talen Energy Corp,2.687920372514727,951229,0.8334688525923141,18920640053.092216,USD,,-0.8532,USD,-108.89259471572255,0,公用事業,強力買入,416.8,USD,替代發電
IONQ,"IonQ, Inc.",-5.671641791044775,21891233,0.9092566760622882,18872527021.25373,USD,,-0.1712,USD,88.51160917997584,0,電子科技,買入,50.56,USD,電腦處理硬體
VTRS,"Viatris, Inc.",0.8788449466415604,8413433,0.7968025626382151,18861070211.104206,USD,,-0.259,USD,91.85252760388815,3.01318267419962,健康科技,買入,16.07,USD,醫藥：主要
BWXT,"BWX Technologies, Inc.",-0.42791150012156354,664906,0.6485144091988535,18759930691.1114,USD,54.60096525611284,3.7503,USD,19.235049120910563,0.505713591052759,電子科技,買入,204.77,USD,航空與國防
CX,Cemex SAB de CV Sponsored ADR,2.9950083194675643,5588093,1.443198456784752,18107805061.008,USD,39.69220904135941,0.3119,USD,-67.32662895453593,0.745757071547421,非能源礦產,買入,12.38,USD,建築材料
ITT,"ITT, Inc.",2.8160328879753433,909127,0.7828487926524103,17887152866.73916,USD,35.281255510491974,5.671,USD,-9.760677232512245,0.739465570400822,生產製造,買入,200.08,USD,汽車零件：OEM
SITM,SiTime Corporation,-2.421765563851139,555461,1.0433351653243543,17836335721.225613,USD,,-1.0106,USD,73.44997898276586,0,電子科技,買入,675.7,USD,半導體
WCC,"WESCO International, Inc.",1.579680086370982,649365,1.3647652588622574,17413459813.040913,USD,25.41260928282038,14.069,USD,6.428528201404019,0.528809273517629,配送服務,買入,357.53,USD,批發經銷商
ONTO,"Onto Innovation, Inc.",6.82720953326713,1800089,1.3380716070783463,17123724161.176514,USD,159.80687990343995,2.1541,USD,-51.202881478796655,0,電子科技,強力買入,344.24,USD,電子設備/儀器
NVMI,Nova Ltd.,2.358553829057548,453452,0.8691826881883875,16979734901.952986,USD,67.0036245970928,7.9733,USD,21.042324508136993,0,電子科技,買入,534.24,USD,電子設備/儀器
BEN,"Franklin Resources, Inc.",0.49245921822098054,2937058,0.5934536705101985,16966153454.796734,USD,24.94270435446906,1.309,USD,89.572773352643,4.00369571912535,金融,中立,32.65,USD,投資經理
WSO,"Watsco, Inc.",2.795650655893057,373501,1.1418822326657543,16794267154.005335,USD,34.27347939965909,12.0265,USD,-7.658228334062754,3.06748466257669,生產製造,中立,412.19,USD,建築產品
BBY,"Best Buy Co., Inc.",-0.9532397269096934,3536559,0.8517663675502876,16205883311.44854,USD,14.225190557241175,5.4052,USD,32.098343027518446,4.90789643179183,零售業,中立,76.89,USD,電子/電器商店
MAS,Masco Corporation,2.1396540679051914,2098750,0.9239258698671268,16082269869.34734,USD,19.805227069462386,4.0252,USD,10.023233565668985,0,生產製造,買入,79.72,USD,建築產品
CSL,Carlisle Companies Incorporated,2.6074551554698453,432872,1.0360382246005226,15716634159.58999,USD,22.659121404818855,17.141,USD,-0.9751701348369187,1.16239135603519,生產製造,買入,388.4,USD,建築產品
TOL,"Toll Brothers, Inc.",0.6520524125939337,1158687,0.8326346726419793,15149779673.960878,USD,12.26522180013016,13.2146,USD,-1.9746602575514773,0.627212320685587,耐用消費品,買入,162.08,USD,住宅建築
RRX,Regal Rexnord Corporation,3.8537142857142888,1345616,1.3932182264654682,15123275468.73664,USD,52.80554135093673,4.3022,USD,22.566308652175152,0.64,生產製造,買入,227.18,USD,電器產品
SMTC,Semtech Corporation,2.3914689550732082,3546805,0.8472939879048403,15115639757.319473,USD,,-0.3956,USD,80.79984469035139,0,電子科技,買入,162.27,USD,半導體
VICR,Vicor Corporation,2.888792354474371,495629,0.705706849498025,15114337564.978931,USD,111.05194413744599,2.9859,USD,484.2105263157895,0,電子科技,強力買入,331.59,USD,電子元件
JHX,James Hardie Industries PLC,0.7745933384972862,8923838,0.9960112841064162,15100361560.81797,USD,120.9669920966992,0.2151,USD,-78.03308823529413,0,非能源礦產,買入,26.02,USD,建築材料
MLI,"Mueller Industries, Inc.",0.9161222497559502,847556,1.108156078210384,14859584079.39799,USD,17.607829778313505,7.6324,USD,39.06927590102401,0.826011864534054,生產製造,買入,134.39,USD,金屬加工
MEDP,"Medpace Holdings, Inc.",1.3982331948751094,400918,1.241157651831438,14849895031.25467,USD,32.70970420603666,15.8962,USD,21.31447803225141,0,商業服務,中立,519.96,USD,雜項商業服務
DY,"Dycom Industries, Inc.",2.0952262761644733,700903,1.2736900982966899,14823827330.133904,USD,46.96127866045096,10.511,USD,33.28514728446253,0,工業服務,強力買入,493.61,USD,工程與建築
RBRK,"Rubrik, Inc. Class A",-4.696725711218465,3526353,0.8746763822918534,14617922639.984165,USD,,-1.4525,USD,48.86643666830951,0,科技服務,強力買入,71.02,USD,資訊科技服務
SWK,"Stanley Black & Decker, Inc.",2.9556100825340237,2484332,1.2918685764907596,14350103920.794445,USD,37.819567354965585,2.4408,USD,3.6697247706421936,3.6917242917689,耐用消費品,中立,92.31,USD,工具與硬體
RPM,RPM International Inc.,1.8231540565177755,723804,0.9576171420723949,14255882543.649044,USD,21.526305646560033,5.189,USD,3.9234143117502147,1.94165907019143,加工業,強力買入,111.7,USD,特種工業品
ALLY,Ally Financial Inc,1.6681299385425767,2630774,0.8149625732452839,14198149090.203684,USD,11.289575665992347,4.1029,USD,201.50646678424457,2.63388937664618,金融,買入,46.32,USD,金融/租賃/出租
BTSG,"BrightSpring Health Services, Inc.",3.0912586895429723,3070043,0.9379202633521008,13679211132.56767,USD,64.78899423684699,1.0758,USD,282.3027718550107,0,健康服務,強力買入,69.7,USD,醫療/護理服務
SANM,Sanmina Corporation,1.9090872553353966,630474,0.3647956996190578,13590240930.077892,USD,53.693037438590544,4.7224,USD,9.26675767602212,0,電子科技,買入,253.56,USD,電子生產設備
EVR,Evercore Inc. Class A,-1.6648262974602892,346723,0.9050341042362026,13434829473.944622,USD,19.592810722989437,17.7264,USD,69.76708550413733,0.965485999037345,金融,買入,347.31,USD,投資銀行/經紀商
EXEL,"Exelixis, Inc.",0.6809154529979184,2256253,0.8119895673919675,13379630213.097599,USD,17.64276954691591,3.0171,USD,36.87959350331185,0,健康科技,買入,53.23,USD,醫藥：主要
RMBS,Rambus Inc.,-0.6665595888210716,2529643,0.8471199800011285,13375461522.889013,USD,58.79361156003422,2.1038,USD,10.152363998115096,0,電子科技,買入,123.69,USD,半導體
HUT,Hut 8 Corp.,1.3608957795004415,3191660,0.8561306193211745,13250074524.227392,USD,,-2.9097,USD,-418.94060995184594,0,其他類,強力買入,117.68,USD,其他類
WULF,TeraWulf Inc.,-3.374119391916945,18475745,0.6816756578981279,12913580629.513533,USD,,-2.5116,USD,-663.172288058341,0,科技服務,強力買入,26.06,USD,數據處理服務
CR,Crane Company,4.544816944873053,506227,0.912376679367527,12911358396.06172,USD,40.9205710102489,5.464,USD,5.86069940908651,0.453546546967784,電子科技,強力買入,223.59,USD,航空與國防
RVTY,"Revvity, Inc.",7.4789359083593725,2192629,1.6753345964014477,12665381074.91669,USD,53.81333838934445,2.1097,USD,-16.586272339079542,0.265076209410205,健康科技,買入,113.53,USD,醫療專業
ALGN,"Align Technology, Inc.",2.8145114101813937,850479,0.7611836344252165,12584020455.355297,USD,29.44745177562889,5.9669,USD,8.579903191760378,0,健康科技,買入,175.71,USD,醫療專業
VIAV,Viavi Solutions Inc,2.0845982594616497,4875830,0.4787348689567827,12442823563.794373,USD,,-0.25,USD,-1290.4761904761906,0,科技服務,強力買入,50.44,USD,資訊科技服務
W,"Wayfair, Inc. Class A",0.7867227071882634,3291431,0.811115934344931,12344313074.076084,USD,,-2.3391,USD,18.204706787425252,0,零售業,買入,93.52,USD,專賣店
ICLR,ICON Plc,1.7639248909401408,2250967,2.3553886819769523,12324277198.570654,USD,74.13411938098749,2.1712,USD,-76.58704911845582,0,商業服務,買入,160.96,USD,雜項商業服務
AUR,"Aurora Innovation, Inc. Class A",0.16051364365970766,23470864,0.7352210948349115,12237907222.805779,USD,,-0.4398,USD,7.215189873417711,0,科技服務,買入,6.24,USD,套裝軟體
ELAN,"Elanco Animal Health, Inc.",1.7111853088480806,3683926,0.6568358731734996,12171585920.002504,USD,,-0.4891,USD,-165.27425597224078,0,健康科技,強力買入,24.37,USD,生物技術
TFII,TFI International Inc.,1.8228802905433616,257788,0.4969686968403812,11981900953.428759,USD,40.82012451054671,3.571522668,USD,-18.05004845229443,1.24697963190184,運輸,買入,145.79,USD,貨車運輸
WMS,"Advanced Drainage Systems, Inc.",4.166387118416625,1013544,0.946514051831605,11899962834.213615,USD,28.502193747361076,5.4473,USD,-5.407470436035909,0.483059376048306,生產製造,強力買入,155.26,USD,雜項製造
ARW,"Arrow Electronics, Inc.",1.8952707211816484,870063,1.7925457745956557,11711207752.828358,USD,16.385033624266704,13.978,USD,92.4125209922088,0,配送服務,中立,229.03,USD,電子配銷商
APLD,Applied Digital Corporation,-2.4535493091948406,12988362,0.6786416975212832,11702262177.023584,USD,,-0.7392,USD,46.25954198473283,0,科技服務,強力買入,40.95,USD,數據處理服務
ESI,Element Solutions Inc,3.4692107545533424,4687181,1.2807974182176027,11624935708.163052,USD,77.88477231924269,0.6127,USD,-48.03663811381562,0.693842150910668,加工業,強力買入,47.72,USD,化學品：多元化
AAL,American Airlines Group Inc.,0.7454128440366915,203434269,1.2968000548919363,11620537121.768349,USD,57.362063336598105,0.3063,USD,-64.63865158162086,0,運輸,買入,17.57,USD,航空公司
FORM,"FormFactor, Inc.",5.183142412671484,1788881,1.3042568482231798,11595772326.33291,USD,171.03598942163964,0.8697,USD,25.697355109119822,0,電子科技,買入,148.75,USD,半導體
SAIA,"Saia, Inc.",1.2253757819064512,245855,0.5189749729752208,11567039323.845488,USD,45.55088751181598,9.521,USD,-20.559694954568577,0,運輸,中立,433.69,USD,貨車運輸
IVZ,Invesco Ltd.,-0.3850596842510507,3990095,0.6598778156989926,11468083537.086254,USD,,-1.4859,USD,-219.0338860850757,3.25375433192145,金融,買入,25.87,USD,投資經理
POWL,"Powell Industries, Inc.",4.995076233488397,774361,1.1219380949910995,11264665267.067812,USD,60.427211788387496,5.1169,USD,7.9150497722287865,0.121681551156236,生產製造,買入,309.2,USD,電器產品
ALGM,"Allegro MicroSystems, Inc.",8.552869000360872,3606003,1.240287774040255,11203139942.224466,USD,,-0.0811,USD,79.04392764857882,0,電子科技,強力買入,60.16,USD,半導體
ARWR,"Arrowhead Pharmaceuticals, Inc.",-0.6766069414860372,2430003,1.3480464750375665,11165734831.9891,USD,,-2.1484,USD,-55.89579856323924,0,健康科技,強力買入,79.27,USD,生物技術
BAX,Baxter International Inc.,2.4239543726235815,6650731,0.8990860962952454,11129907308.48384,USD,,-1.9532,USD,-77.70903466472569,0.950570342205323,健康科技,中立,21.55,USD,醫療專業
AAOI,"Applied Optoelectronics, Inc.",-5.735864462135135,13301851,0.9680226910786452,11116833078.757706,USD,,-0.6602,USD,82.91938321432268,0,電子科技,買入,138.54,USD,半導體
TECH,Bio-Techne Corporation,20.084925690021237,51699631,18.867706543830817,11069411057.00552,USD,101.55127836828497,0.6962,USD,-15.138956606533396,0.543524416135881,健康科技,買入,70.7,USD,生物技術
GLXY,Galaxy Digital Inc. Class A,-1.1196641007697576,8654871,1.244476627014601,11018576747.884537,USD,,-0.4075,USD,84.4001225021055,0,金融,強力買入,28.26,USD,投資銀行/經紀商
BROS,"Dutch Bros, Inc. Class A",-0.8190618019359811,3698770,0.8897368307994423,10974589702.954576,USD,105.06389020350211,0.6339,USD,64.56386292834893,0,消費者服務,強力買入,66.6,USD,餐廳
OC,Owens Corning,1.557725273906241,1513920,1.3364364308164274,10972788776.158157,USD,,-6.6945,USD,-340.3338718362951,2.20615636878587,加工業,買入,136.26,USD,容器/包裝
AAON,"AAON, Inc.",1.2613981762917907,711052,0.785612433468134,10915555333.296656,USD,93.73944850872256,1.4216,USD,-25.31259850793317,0.303951367781155,生產製造,買入,133.26,USD,工業機械
AYI,Acuity Inc.,17.636083925239763,1702336,4.0639358683754745,10894968712.5571,USD,26.353650309447687,13.6372,USD,3.3755562125243483,0.2422179306733,生產製造,買入,359.39,USD,電器產品
SNEX,StoneX Group Inc.,0.8447807243076514,748931,0.6110068877181604,10879645673.938734,USD,24.491980517742768,5.6051,USD,42.496504385407405,0,金融,強力買入,137.28,USD,投資銀行/經紀商
SIMO,Silicon Motion Technology Corporation Sponsored ADR,1.1191941801902523,774943,0.8614036331898,10795298932,USD,64.6935974700161,5.0277,USD,80.39827771797633,0.618665671827395,電子科技,強力買入,325.26,USD,半導體
SWKS,"Skyworks Solutions, Inc.",-2.0448179271708793,4585672,0.8070587527998283,10519394140.306162,USD,29.07866289705638,2.4052,USD,-6.057883841737297,3.97759103641457,電子科技,中立,69.94,USD,半導體
CIFR,Cipher Digital Inc.,-2.0594965675057177,22187587,0.9497840656468309,10504383035.835241,USD,,-2.2256,USD,-502.3274695534506,0,科技服務,強力買入,25.68,USD,數據處理服務
RIOT,"Riot Platforms, Inc.",1.2399708242159002,16693378,1.2520672179487877,10497477746.319477,USD,,-2.458,USD,-80.44340038173543,0,科技服務,強力買入,27.76,USD,資訊科技服務
GSAT,"Globalstar, Inc.",-0.23708510107311923,1743134,1.1194914161903522,10296674489.40292,USD,,-0.1513,USD,75.50987374554873,0,通訊,買入,79.95,USD,無線通訊
CRL,"Charles River Laboratories International, Inc.",5.249876298861957,1536058,2.0186231985191014,10245758633.464079,USD,,-3.7603,USD,-478.50769230769237,0,商業服務,買入,212.71,USD,雜項商業服務
TKR,Timken Company,4.362634973548794,785907,0.7100617537709554,10007904327.804913,USD,32.7690172252941,4.3947,USD,-5.161958609378696,1.02181317486774,生產製造,買入,144.01,USD,工業機械
NUVL,"Nuvalent, Inc. Class A",-0.04045962129794235,1189546,0.29264084582751126,9758613429.849329,USD,,-6.0582,USD,-37.65820627598901,0,健康科技,中立,123.53,USD,醫藥：主要
CAVA,"CAVA Group, Inc.",1.2889105058365788,3054834,0.9055334419815132,9702272427.189932,USD,159.94623655913978,0.5208,USD,-56.55655655655656,0,消費者服務,買入,83.3,USD,餐廳
NCLH,Norwegian Cruise Line Holdings Ltd.,-0.1427891480247555,17037876,0.8476181934515004,9632130798.712042,USD,17.95771633998117,1.1683,USD,-28.78824820187737,0,消費者服務,買入,20.98,USD,酒店/度假村/遊輪
FLS,Flowserve Corporation,2.8246263540381022,2379949,1.0972945346875835,9584248626.606333,USD,27.75659769774586,2.7017,USD,26.685735721654325,1.16550116550117,生產製造,買入,74.99,USD,工業機械
PL,Planet Labs PBC Class A,0.7984790874524746,11511383,0.7456631311517308,9448230475.588972,USD,,-1.1479,USD,-216.83687551752686,0,科技服務,買入,26.51,USD,套裝軟體
HBM,Hudbay Minerals Inc,2.3488473249238915,5141817,0.890978737548402,9346518130.222359,USD,14.314301347300002,1.6438105800000002,USD,334.47928555762417,0.0612557427258806,非能源礦產,強力買入,23.53,USD,其他金屬/礦物
SIRI,SiriusXM Holdings Inc.,-0.5017921146953298,3866609,0.49495825020364287,9344569241.875269,USD,11.538781278576772,2.4058,USD,,3.87096774193548,消費者服務,中立,27.76,USD,廣播
BRKR,Bruker Corporation,4.1923340177960355,2794173,1.298853133489059,9269018496.92197,USD,,-0.2404,USD,-145.78175585602744,0.342231348391513,健康科技,買入,60.89,USD,醫療專業
SARO,"StandardAero, Inc.",2.470501474926247,5334803,1.2208446497339445,9239395897.307892,USD,31.536541080344985,0.8812,USD,318.2249644043664,0,運輸,強力買入,27.79,USD,其他運輸
LEVI,Levi Strauss & Co. Class A,1.8251273344651942,2697949,1.0658643535155679,9226463711.659594,USD,20.722121447698022,1.1577,USD,30.224971878515177,2.37691001697793,非耐用消費品,強力買入,23.99,USD,服裝/鞋類
PRAX,"Praxis Precision Medicines, Inc.",6.1241665048229486,864246,1.653890933975717,9140334501.32589,USD,,-13.3803,USD,-24.902451319007525,0,健康科技,強力買入,327.86,USD,醫藥：主要
CORT,Corcept Therapeutics Incorporated.,3.911230995586069,1103059,1.0576332297298126,9098047235.458557,USD,242.14285714285717,0.35,USD,-69.62069264820762,0,健康科技,強力買入,84.75,USD,醫藥：主要
PRMB,Primo Brands Corporation Class A,2.167689161554197,3149891,1.0553119878209432,9064456931.21636,USD,158.70393900889454,0.1574,USD,,1.71779141104294,非耐用消費品,強力買入,24.98,USD,飲料：非酒精類
ALV,Autoliv Inc.,1.6063919259882227,598636,0.7390365350480518,9044239576.030697,USD,12.983342289091887,9.305,USD,7.186877239059554,2.91000841042893,生產製造,買入,120.81,USD,汽車零件：OEM
LTH,"Life Time Group Holdings, Inc.",2.54695137638282,3403881,1.1693781511230872,8872944869.996399,USD,23.408503641061778,1.7028,USD,77.70820288040076,0,消費者服務,強力買入,39.86,USD,其他消費者服務
CORZ,Core Scientific Inc,-1.8711766822598044,10283190,0.9059567250009614,8668731991.65707,USD,,-1.1469,USD,77.29495377427594,0,科技服務,強力買入,27.27,USD,套裝軟體
LUMN,"Lumen Technologies, Inc.",3.2258064516129004,13300991,1.0146647185741853,8572188259.096775,USD,,-1.7458,USD,-452.1189120809614,0,通訊,中立,8.32,USD,主要電訊
MXL,"MaxLinear, Inc.",11.154253441581368,4014971,1.386200777389773,8459406578.431345,USD,,-1.5146,USD,42.61574600287945,0,電子科技,買入,94.47,USD,半導體
QRVO,"Qorvo, Inc.",-1.8625231529121238,1347613,0.8831500707574899,8393863913.399876,USD,26.327848939929332,3.6224,USD,515.9496684237375,0,電子科技,中立,95.37,USD,半導體
COMP,Compass Inc Class A,3.7558685446009425,20390220,1.404676169560096,8367894076.826292,USD,1032.710280373832,0.0107,USD,,0,金融,買入,11.05,USD,房地產開發
GGAL,Grupo Financiero Galicia SA Sponsored ADR Class B,0.6517311608961309,511265,0.33065696069556416,8279434977.530027,USD,91.0464259395726,0.5428,USD,-94.1542636827708,3.84123217922607,金融,強力買入,49.42,USD,地區銀行
ENS,EnerSys,3.3799214396638377,560344,0.9259977201389599,8265432759.821229,USD,29.3361329289473,7.7154,USD,-14.410276890308843,0.469306659358728,生產製造,買入,226.34,USD,電器產品
RAL,Ralliant Corporation,1.8559556786703648,2069833,1.2140420986346263,8231563594.322991,USD,,-11.0026,USD,,0.138504155124654,電子科技,買入,73.54,USD,電子設備/儀器
CMC,Commercial Metals Company,3.942199775533112,1763172,1.3890776833074754,8215646029.518799,USD,16.50368654355913,4.4893,USD,645.6070420195981,1.0381593714927,非能源礦產,買入,74.09,USD,鋼
VSAT,"ViaSat, Inc.",-3.5834806363490226,2329806,0.7835033851005401,8194137207.7776,USD,,-0.295,USD,93.37465750348112,0,電子科技,強力買入,60,USD,電信設備
RGEN,Repligen Corporation,4.934971098265884,1963027,1.9290553703995783,8192095389.727888,USD,159.87450462351387,0.9084,USD,,0,健康科技,強力買入,145.23,USD,醫藥：主要
BIRK,Birkenstock Holding plc,-1.2641383898868934,1384839,0.5028022411539088,8187498125.519628,USD,20.028792513946378,2.2228,USD,54.58654982961263,0,非耐用消費品,強力買入,44.52,USD,服裝/鞋類
IBRX,ImmunityBio Inc,-0.12820512820512547,9425105,0.8333989507955688,8158887889.705129,USD,,-0.8541,USD,-46.0499316005472,0,健康科技,強力買入,7.79,USD,醫藥：主要
VSH,"Vishay Intertechnology, Inc.",7.771181867242297,6281519,0.8084216496297397,8154115948.786292,USD,3744.3749999999995,0.016,USD,,0.71955387659651,電子科技,買入,59.91,USD,電子生產設備
MTCH,"Match Group, Inc.",-1.1318619128466487,5643590,1.555313875854503,8150332428.485002,USD,13.334859934356155,2.6202,USD,29.26492353231376,2.17883418222977,科技服務,買入,34.94,USD,網路軟體/服務
EMN,Eastman Chemical Company,0.29829545454544565,1010124,0.8999761045583272,8074250874.190625,USD,20.428769818308066,3.4564,USD,-55.98344476281439,4.74431818181818,加工業,買入,70.61,USD,化學品：特種
BIO,"Bio-Rad Laboratories, Inc. Class A",6.513122656668455,591755,1.83011029433368,8071339232.09684,USD,49.102851122670714,6.0748,USD,,0,健康科技,中立,298.29,USD,醫療專業
NPO,Enpro Inc.,3.602179836512269,301808,1.0599926596224798,8032779884.597657,USD,187.3743347131875,2.0292,USD,-49.46078553460686,0.340599455040872,生產製造,強力買入,380.22,USD,工業機械
IMVT,Immunovant Inc,0.05232862375720336,2667682,1.555992817548885,7851013712.720043,USD,,-2.7697,USD,-1.2206263933048231,0,健康科技,買入,38.24,USD,生物技術
CRUS,"Cirrus Logic, Inc.",-2.3403310712247083,634434,1.2122431525498734,7768709833.998732,USD,19.631792334956778,7.8434,USD,30.61883826272315,0,電子科技,買入,153.98,USD,半導體
MIDD,Middleby Corporation,1.693209401456405,1145173,1.3845229606276974,7766494251.108638,USD,,-6.473,USD,-180.8670123055781,0,生產製造,買入,171.77,USD,工業機械
CAMT,Camtek Ltd,0.695026962252844,522818,1.1398309454319273,7738234278.689875,USD,201.3176808816483,0.8348,USD,-68.4206544354076,0,電子科技,買入,168.06,USD,電子元件
SYRE,"Spyre Therapeutics, Inc",2.817717996289433,2109266,1.1014578454901225,7700213230.341838,USD,,-2.3577,USD,22.313750041187518,0,健康科技,強力買入,88.67,USD,醫藥：主要
GGB,Gerdau S.A. Pfd Sponsored ADR Repr 1 Pfd Sh,1.222493887530558,16679297,0.9767905086021123,7637537720.9924,USD,27.78523489932886,0.149,USD,-47.256637168141594,2.73645476772616,非能源礦產,強力買入,4.14,USD,鋼
OSCR,"Oscar Health, Inc. Class A",-1.6803840877914897,5615295,0.9000474411480841,7623410530.740055,USD,,-0.6096,USD,-318.80832735104093,0,健康服務,中立,28.67,USD,管理醫療保健
MYRG,MYR Group Inc.,3.6695881552076246,237601,0.7910387933646241,7588232922.16961,USD,53.716849275809615,9.0722,USD,316.55723403278387,0,工業服務,買入,487.33,USD,工程與建築
KMX,"CarMax, Inc.",4.15436109470368,3444211,0.6492791906118472,7502316461.08092,USD,34.816374884822956,1.5194,USD,-57.98003263364584,0,零售業,中立,52.9,USD,專賣店
FLR,Fluor Corporation,0.8463419221365351,2114005,0.6749873184742602,7489099316.948655,USD,42.81037924151697,1.2525,USD,-88.00379281281128,0,工業服務,買入,53.62,USD,工程與建築
AVT,"Avnet, Inc.",2.9125113327289296,1667450,1.129995687929136,7448606376.303265,USD,35.37041364804861,2.5674,USD,-28.015476924802336,1.56391659111514,配送服務,中立,90.81,USD,電子配銷商
RYTM,"Rhythm Pharmaceuticals, Inc.",0.6601580660158141,690635,0.5692577958442989,7425939762.878103,USD,,-3.1376,USD,-11.452117078715546,0,健康科技,強力買入,108.26,USD,醫藥：主要
JXN,Jackson Financial Incorporation Class A,-0.4116766467065847,548243,0.70558862930532,7423455695.456588,USD,,-6.0985,USD,-694.3377838417307,3.0875748502994,金融,中立,106.44,USD,人壽/健康保險
ACMR,"ACM Research, Inc. Class A",5.177165354330715,1752029,0.9673319945503449,7385040141.367323,USD,81.24382270204516,1.3153,USD,-15.901534526854228,0,生產製造,強力買入,106.86,USD,工業機械
MHK,"Mohawk Industries, Inc.",1.6038290368628738,1006380,1.1946808106516742,7375330205.592408,USD,18.159987993396367,6.663,USD,-12.871209446471305,0,生產製造,買入,121,USD,建築產品
ETSY,"Etsy, Inc.",-0.41015124327094743,2214814,0.6969526576470167,7373436955.874135,USD,31.754464833054072,2.4469,USD,73.82254741777366,0,零售業,買入,77.7,USD,網路零售
GTES,Gates Industrial Corporation plc,6.495412844036695,2940830,1.5381307445914136,7371077785.960366,USD,30.163184700135123,0.9621,USD,16.491100617508174,0,生產製造,買入,29.02,USD,工業機械
EXP,Eagle Materials Inc.,0.7661031457307904,527626,1.0849507920100068,7274031433.327113,USD,17.948542024013722,13.1175,USD,-4.603468964764923,0.427990584207147,非能源礦產,中立,235.44,USD,建築材料
HXL,Hexcel Corporation,0.7645580226225279,1313501,1.2219182287548258,7256849730.0317335,USD,63.842070338420704,1.507,USD,-0.5543090933087096,0.733137829912023,電子科技,買入,96.21,USD,航空與國防
LOAR,Loar Holdings Inc.,4.83739837398375,1126470,1.445210254504904,7243725229.222766,USD,109.1409225560728,0.7089,USD,86.06299212598424,0,電子科技,強力買入,77.37,USD,航空與國防
MAC,Macerich Company,0.27548209366391296,4104807,0.8052630070460196,7222590864.595041,USD,,-0.3184,USD,60.74466773517445,2.67611176702086,金融,買入,25.48,USD,房地產投資信託
VNO,Vornado Realty Trust,0.2632964718272813,1225843,0.6515664606102877,7162762149.552396,USD,10.456654858994424,3.6417,USD,599.1169130351315,1.94839389152185,金融,中立,38.08,USD,房地產投資信託
ST,Sensata Technologies Holding PLC,2.0331950207468816,1460273,0.8246091687980146,7152348460.818671,USD,151.9777503090235,0.3236,USD,-60.381978452497556,0.995850622406639,電子科技,買入,49.18,USD,電子設備/儀器
MIRM,"Mirum Pharmaceuticals, Inc.",2.009219796468646,1895242,1.8467018122065142,7151878480.882318,USD,,-13.6043,USD,-742.6845887016849,0,健康科技,強力買入,117.28,USD,醫藥：主要
ROAD,"Construction Partners, Inc. Class A",0.5193767479025101,527654,0.783172131068462,7112070909.188972,USD,55.301564972744856,2.2748,USD,95.47993469107159,0,工業服務,買入,125.8,USD,工程與建築
ACA,"Arcosa, Inc.",0.42954136067618437,1955423,1.7532354991493493,7105705729.436608,USD,32.02545068928951,4.5264,USD,183.9648682559598,0.138561729250381,非能源礦產,買入,144.96,USD,建築材料
OMF,"OneMain Holdings, Inc.",2.2362581085694817,1538273,1.6124524224894468,6919148958.438717,USD,8.91658105915107,6.7167,USD,42.17946275481045,7.15261181290543,金融,買入,59.89,USD,金融/租賃/出租
KLIC,"Kulicke & Soffa Industries, Inc.",6.659636599610649,1631178,1.2450079180274265,6881250075.060838,USD,126.35979242744571,1.0406,USD,187.85615491009685,0.665152498377677,生產製造,買入,131.49,USD,工業機械
M,"Macy's, Inc.",1.4206787687450648,6236520,0.8456550338951119,6760075712.56906,USD,10.573085942321143,2.4307,USD,22.90539515598927,2.91515390686661,零售業,中立,25.7,USD,百貨公司
FAF,First American Financial Corporation,-2.7360594795539086,999825,0.8307514598027052,6665279100.181858,USD,10.046384468882472,6.5108,USD,329.69904963041176,3.25650557620818,金融,強力買入,65.41,USD,專業保險
VSXY,Victoria's Secret & Company,2.926587301587301,2176241,1.3100898010449218,6597812884.747025,USD,33.98853398853399,2.442,USD,22.596515889351885,0,零售業,買入,83,USD,服裝/鞋類零售
GTX,Garrett Motion Inc,5.072028811524603,3923263,1.671988714939281,6553469573.078931,USD,20.334553058024046,1.7217,USD,33.289463497716184,0.840336134453782,生產製造,買入,35.01,USD,汽車零件：OEM
CACC,Credit Acceptance Corporation,3.580562659846557,257919,1.0188603667627119,6523946793.414323,USD,15.499387430014192,40.2403,USD,71.74104170578894,0,金融,中立,623.7,USD,金融/租賃/出租
CPA,"Copa Holdings, S.A. Class A",0.11475200816012901,328256,0.8485138935309655,6460398389.570316,USD,9.147144138581798,17.1682,USD,16.69600799352904,4.23307407879638,運輸,強力買入,157.04,USD,航空公司
MRCY,"Mercury Systems, Inc.",0.5428571428571364,618828,0.8508330788603258,6338769233.484858,USD,,-0.2387,USD,78.55731225296442,0,電子科技,買入,105.57,USD,航空與國防
VSEC,VSE Corporation,2.7609334803381067,610393,1.2240979193305406,6276104073.607727,USD,86.1008468052348,2.598,USD,228.11315988886082,0.183755972069092,工業服務,強力買入,223.69,USD,工程與建築
ENPH,"Enphase Energy, Inc.",-1.2756168966959418,6683313,0.9817968723764092,6222193821.667504,USD,46.461962405275074,1.0161,USD,-5.470276304772534,0,生產製造,中立,47.21,USD,電器產品
URBN,"Urban Outfitters, Inc.",-1.3136061946902498,958269,0.7848190463882128,6111776066.582689,USD,13.697867685162084,5.2103,USD,9.171101705569301,0,零售業,買入,71.37,USD,服裝/鞋類零售
BB,BlackBerry Limited,19.953596287703025,72678940,2.5800514343665752,6059875634.210441,USD,118.72195925678214,0.08709425000000001,USD,,0,科技服務,中立,10.34,USD,套裝軟體
PRM,Perimeter Solutions Inc,3.2456631225517527,2015278,1.1408910856897645,6019388794.415221,USD,,-1.3368,USD,-270.61901723037647,0,加工業,買入,36.9,USD,化學品：多元化
TWST,Twist Bioscience Corp.,5.8018609742747795,2784848,1.154831171262185,6018522272.847838,USD,,-1.3287,USD,59.20353710583684,0,健康科技,強力買入,96.65,USD,生物技術
ALK,"Alaska Air Group, Inc.",3.355314197051972,3244252,0.9572530035020818,5938050394.0172615,USD,99.607476635514,0.535,USD,-80.56241825316087,0,運輸,買入,53.29,USD,航空公司
CROX,"Crocs, Inc.",-2.075782537067554,1009362,0.8403216386805604,5907105390.276111,USD,,-1.3786,USD,-108.44932306127075,0,非耐用消費品,買入,118.88,USD,服裝/鞋類
SSRM,SSR Mining Inc,0.3880070546737193,3060260,0.8798058220774952,5905196034.404233,USD,27.420753444455148,1.0379,USD,160.19052394083732,0,非能源礦產,強力買入,28.46,USD,貴金屬
MTRN,Materion Corporation,4.517469030487355,411722,0.988816190645679,5861858384.473704,USD,77.00505533542834,3.6595,USD,680.6100682593857,0.209554187374824,電子科技,買入,281.8,USD,電子設備/儀器
SEI,"Solaris Energy Infrastructure, Inc. Class A",4.540668596999214,1691934,0.7950090654303887,5841440597.930244,USD,95.81423401688782,0.829,USD,67.71191584058262,0.631745196104238,工業服務,強力買入,79.43,USD,油田服務/設備
CAR,"Avis Budget Group, Inc.",-5.7561754806320975,2316458,4.4714311580145365,5835687381.906553,USD,,-19.0129,USD,69.79240810412325,0,金融,中立,165.2,USD,金融/租賃/出租
HNGE,"Hinge Health, Inc. Class A",6.490929705215417,2851752,1.382410457749024,5814342673.433106,USD,,-6.5862,USD,-478.2563749138525,0,科技服務,強力買入,75.14,USD,套裝軟體
SPHR,Sphere Entertainment Co. Class A,4.016245487364614,566803,0.779583975590403,5775071831.976533,USD,83.73987959310774,1.9268,USD,,0,消費者服務,強力買入,161.35,USD,媒體集團
BC,Brunswick Corporation,3.665291691219799,597327,0.8212780174725084,5715151102.785151,USD,,-2.0817,USD,-271.61582852431985,2.05067766647024,生產製造,買入,87.96,USD,卡車/建築/農業機械
NOVT,Novanta Inc,5.546052631578951,623738,1.133597514343124,5713210438.04579,USD,115.8757674250632,1.3845,USD,-29.174340085942298,0,電子科技,買入,160.43,USD,電子設備/儀器
TFX,Teleflex Incorporated,1.011777725081022,310305,0.6596891963656665,5657290265.094063,USD,,-22.8098,USD,-818.9170448814925,1.07501383289859,健康科技,中立,127.79,USD,醫療專業
MTH,Meritage Homes Corporation,1.1530525549217174,777124,0.6684198778887667,5558980535.722539,USD,15.271287999560222,5.4573,USD,-44.745714661779736,2.14831897074888,金融,買入,83.34,USD,房地產開發
ACLS,"Axcelis Technologies, Inc.",6.980048546563254,606199,0.925603185228436,5553615173.703747,USD,56.29634245124306,3.2098,USD,-41.20276236009599,0,生產製造,中立,180.7,USD,工業機械
CVLT,"Commvault Systems, Inc.",2.4319363719792038,836941,0.8415029558241136,5525109073.060417,USD,84.66498103666245,1.582,USD,-6.229624799952579,0,科技服務,買入,133.94,USD,套裝軟體
ENVA,Enova International Inc,2.216271123834141,383975,0.7871483918474818,5509018595.721857,USD,17.93174951602582,12.3457,USD,45.41974392499149,0,金融,強力買入,221.38,USD,金融/租賃/出租
AIR,AAR CORP.,4.189860087257404,394176,0.9194771677259259,5507749247.329998,USD,30.48933500627352,4.5429,USD,,0,電子科技,強力買入,138.51,USD,航空與國防
SEZL,Sezzle Inc.,2.806554906762101,493859,0.6491444882413477,5506088071.393106,USD,38.96623117012923,4.2021,USD,42.02521377632068,0,科技服務,買入,163.74,USD,套裝軟體
TVTX,"Travere Therapeutics, Inc.",2.3227595770497547,2699672,1.0971351175107418,5489371031.275091,USD,,-0.5348,USD,80.93336660843524,0,健康科技,強力買入,59.03,USD,醫藥：主要
LEGN,Legend Biotech Corp. Sponsored ADR,-3.2334921715452665,2631544,0.8343807175446389,5457034918,USD,,-1.3602,USD,-13.7671462027434,0,健康科技,強力買入,28.43,USD,醫藥：主要
UCTT,"Ultra Clean Holdings, Inc.",11.28942999446596,1499060,1.1472021021350114,5408988627.5329275,USD,,-4.292,USD,-794.7232113952734,0,生產製造,強力買入,120.66,USD,工業機械
SON,Sonoco Products Company,1.4942099364960857,1248236,0.848907581576122,5372524732.739262,USD,13.25268882764676,4.1003,USD,166.47819587963866,3.97833395592081,加工業,買入,54.34,USD,容器/包裝
MARA,"MARA Holdings, Inc.",-0.8571428571428517,46177481,1.1198551694611787,5292034648.065715,USD,,-5.7231,USD,-297.5203167326526,0,科技服務,買入,13.88,USD,數據處理服務
DIOD,Diodes Incorporated,1.7073602264685,528046,0.8854430417953074,5282265957.769903,USD,62.33125508267823,1.8445,USD,234.9981837994915,0,電子科技,買入,114.97,USD,半導體
WSC,WillScot Holdings Corporation Class A,0.7625649913344847,1709617,0.940983485287592,5261515262.959445,USD,,-0.3789,USD,-520.0665188470067,0.97053726169844,金融,買入,29.07,USD,金融/租賃/出租
TREX,"Trex Company, Inc.",2.2504091653027705,1754234,0.8381588326549564,5192858509.653437,USD,27.836257309941516,1.7955,USD,-1.7832722498769191,0,非能源礦產,買入,49.98,USD,林產品
SXT,Sensient Technologies Corporation,0.7609594706368796,539374,0.9186120557209179,5185751028.6274605,USD,36.02649790027799,3.3814,USD,11.944646758922078,1.3564929693962,非耐用消費品,買入,121.82,USD,食品：特產/糖果
AUGO,Aura Minerals Inc,5.596821558127487,1111092,0.9181235472166458,5122035597.481775,USD,57.44221011088141,1.0642,USD,,3.88668163758853,非能源礦產,強力買入,61.13,USD,其他金屬/礦物
XMTR,"Xometry, Inc. Class A",0.9271378708551421,466855,0.7407169415865626,5111899161.572753,USD,,-1.019,USD,-3.3154212714184275,0,科技服務,買入,92.53,USD,資訊科技服務
HRI,"Herc Holdings, Inc.",6.821196676673889,1012129,1.5874917204507337,5109136672.966557,USD,,-0.2658,USD,-105.92576078475085,1.95489771695874,金融,買入,153,USD,金融/租賃/出租
MDA,MDA Space Ltd,-4.148936170212772,1519792,0.81267197449743,5000585574.642817,USD,61.66144118460046,0.58448196,USD,7.677277161177838,0,電子科技,強力買入,36.04,USD,電子生產設備
DFTX,"Definium Therapeutics, Inc.",6.313790647994296,8285593,1.6030517987033759,4885101204.414432,USD,,-2.5033,USD,-139.66491144088081,0,健康科技,強力買入,44.79,USD,醫藥：主要
SYNA,Synaptics Incorporated,-3.450926139420497,1164776,1.6496769198107082,4853665870.606717,USD,,-1.2393,USD,-130.03344319503685,0,電子科技,買入,125.62,USD,半導體
CBT,Cabot Corporation,1.305909239307871,486544,0.7468076667571247,4805437769.181848,USD,17.598018828689177,5.2898,USD,-31.571458139294222,1.98334965719882,加工業,中立,93.09,USD,化學品：特種
TNL,Travel + Leisure Co.,-0.5738132498696034,467297,0.6171841114420039,4759023992.028168,USD,21.305611446456517,3.5784,USD,-35.2161633717141,2.97339593114241,消費者服務,強力買入,76.24,USD,酒店/度假村/遊輪
POWI,"Power Integrations, Inc.",3.6037136574639668,1014579,0.9763367675193576,4725612044.818593,USD,284.8841115216661,0.2977,USD,-54.178851777743574,1.03835817248962,電子科技,買入,84.81,USD,半導體
BDC,Belden Inc.,2.3883872056713633,551188,0.9695540728138295,4724690652.665372,USD,20.441449031171018,5.935,USD,14.592987333951186,0.168790615241793,生產製造,強力買入,121.32,USD,電器產品
USAR,"USA Rare Earth, Inc. Class A",-3.5480859010270844,11824525,0.7839100302171833,4721339315.565826,USD,,-3.8839,USD,-581.3359771966788,0,生產製造,強力買入,20.66,USD,金屬加工
CVCO,"Cavco Industries, Inc.",-0.5035971223021649,148275,1.1198891251232048,4690186561.545323,USD,25.38080381721417,23.9756,USD,15.498304300909501,0,耐用消費品,買入,608.52,USD,住宅建築
VCYT,"Veracyte, Inc.",3.1536293164200124,1511960,0.9937590020713063,4671859420.246653,USD,53.898554727055135,1.0863,USD,158.95113230035759,0,健康科技,買入,58.55,USD,醫療專業
ALM,Almonty Industries Inc.,-0.06075334143378835,3806325,0.7242952329991635,4667553340.720392,USD,,-0.527759172,USD,-192.2433910617194,0,非能源礦產,強力買入,16.45,USD,其他金屬/礦物
ERAS,"Erasca, Inc.",-0.6644518272425343,6132666,1.2306860022322124,4649218746.843854,USD,,-0.9328,USD,-49.511139605706035,0,健康科技,強力買入,14.95,USD,醫藥：主要
VECO,Veeco Instruments Inc.,6.02866779089377,1358140,0.6947041785985241,4604976710.866358,USD,196.74054758800523,0.3835,USD,-63.96015412085331,0,電子科技,中立,75.45,USD,電子生產設備
LION,Lionsgate Studios Corp.,3.1290743155149965,2513149,0.5541510397841423,4597824174.899609,USD,,-0.7173,USD,-56.20644599303137,0,消費者服務,買入,15.82,USD,電影/娛樂
CSTM,Constellium SE Class A,3.2761788120024504,1520312,0.8979281194221388,4592354712.58114,USD,10.886263878130647,3.0984,USD,585.3351028533509,0,非能源礦產,強力買入,33.73,USD,鋁
RELY,"Remitly Global, Inc.",1.3519813519813482,2885142,0.5613915130731627,4577598062.647086,USD,44.57658396555259,0.4877,USD,,0,商業服務,強力買入,21.74,USD,雜項商業服務
CENX,Century Aluminum Company,3.280898876404496,2507186,0.9404927216065231,4548847099.4211235,USD,13.741964419195694,3.3445,USD,194.90344766775414,0,非能源礦產,強力買入,45.96,USD,鋁
TXG,10x Genomics Inc Class A,3.265895953757212,2949495,0.862224000884004,4536144516.899133,USD,,-0.1744,USD,86.53489808523781,0,健康科技,買入,35.73,USD,生物技術
AXTI,"AXT, Inc.",-1.5397775876817767,9277733,0.84132325511876,4518125272.381523,USD,,-0.3174,USD,25.59774964838255,0,電子科技,買入,69.06,USD,電子生產設備
LIVN,LivaNova Plc,1.3758599124452713,652150,0.7523795163104781,4452363275.073795,USD,41.83873632046252,1.9372,USD,,0,健康科技,買入,81.05,USD,醫療專業
RXO,"RXO, Inc.",6.32411067193675,1486156,0.6412023586176404,4436356436.818181,USD,,-0.622,USD,71.43906694829644,0,科技服務,中立,26.9,USD,套裝軟體
VRNS,"Varonis Systems, Inc.",3.405738803968901,3884805,1.5810611679170845,4427233653.470635,USD,,-1.1341,USD,-39.925971622455286,0,科技服務,買入,38.56,USD,套裝軟體
IRDM,Iridium Communications Inc.,-1.0406811731314989,1856668,0.5983376323377948,4423648725.517503,USD,42.2029453298366,0.9914,USD,-6.893313298271978,1.34815515610218,通訊,買入,41.84,USD,專業電信
KTB,"Kontoor Brands, Inc.",2.4358974358974432,720235,0.7736517876803927,4416261399.078205,USD,16.178018951972142,4.9388,USD,20.98378325412766,2.69230769230769,非耐用消費品,買入,79.9,USD,服裝/鞋類
BBWI,"Bath & Body Works, Inc.",0.045850527281070905,5848507,1.0060847194742073,4398078660.084365,USD,6.114956702071015,3.5683,USD,-4.631708360059873,3.6680421824851,零售業,買入,21.82,USD,專賣店
BELFB,Bel Fuse Inc. Class B,5.497195308516069,216798,0.8308254411214101,4331112762.654157,USD,75.69334341537184,4.0997,USD,17.24147792267217,0.0951895291517933,電子科技,強力買入,310.32,USD,電子元件
VKTX,"Viking Therapeutics, Inc.",-2.323739107472922,4347583,1.471639434607431,4294747658.958807,USD,,-4.1459,USD,-259.9808978032474,0,健康科技,強力買入,36.99,USD,醫藥：主要
HGV,"Hilton Grand Vacations, Inc.",-1.262118163526623,946869,0.6795558520401518,4278748821.6645317,USD,28.539706037855556,1.8914,USD,478.58672376873653,0,金融,買入,53.98,USD,房地產開發
BELFA,Bel Fuse Inc. Class A,4.148683852404843,264839,1.078059908183012,4275750578.27505,USD,65.33648803570993,4.0997,USD,17.24147792267217,0.0933162253586842,電子科技,強力買入,267.86,USD,電子元件
COLD,"Americold Realty Trust, Inc.",5.586987270155581,7024694,1.9317100707141177,4259619591.5233383,USD,,-0.3905,USD,7.639545884578997,6.50636492220651,金融,中立,14.93,USD,房地產投資信託
BFH,"Bread Financial Holdings, Inc.",0.04765989896101149,700049,0.7724064104803359,4241125831.387666,USD,8.604336598762142,12.1985,USD,117.5041009913701,0.857878181298256,金融,買入,104.96,USD,金融/租賃/出租
NVTS,Navitas Semiconductor Corporation,-3.384279475982538,21644367,0.8148161312969229,4136722956.926855,USD,,-0.6271,USD,-19.24320212968244,0,電子科技,中立,17.7,USD,半導體
PII,Polaris Inc.,1.7343485617597347,616836,0.7169414607527097,4104337018.5956016,USD,,-7.8304,USD,-1201.4770009846673,3.79300620417372,耐用消費品,中立,72.15,USD,休閒產品
DAVE,"Dave, Inc. Class A",-0.14541179382464797,413293,0.6062723331083549,4103523107.0733557,USD,20.751490056644656,15.5531,USD,327.92956390149953,0,金融,強力買入,322.75,USD,主要銀行
CLSK,"Cleanspark, Inc.",-2.2181146025878076,22729093,1.1167405169666431,4072378558.2698703,USD,,-2.1014,USD,-126.29765237992679,0,科技服務,強力買入,15.87,USD,數據處理服務
LUNR,"Intuitive Machines, Inc. Class A",-2.247778358599058,10493656,0.7092223487654065,4058291704.8823833,USD,,-0.8716,USD,59.0605918271489,0,電子科技,買入,18.7,USD,航空與國防
EXTR,"Extreme Networks, Inc.",0.0969932104752704,2043529,0.9841946411253922,4048889750.781765,USD,257.35660847880297,0.1203,USD,,0,電子科技,強力買入,30.96,USD,電腦周邊
BTDR,Bitdeer Technologies Group Class A,-6.4497716894977115,8832853,0.9358451030112646,3987910807.6952057,USD,,-2.4604,USD,-28.641639652828598,0,科技服務,強力買入,16.39,USD,數據處理服務
CAKE,Cheesecake Factory Incorporated,1.125751567097346,1005882,0.6501836758121915,3927627914.0942817,USD,23.15872736860608,3.4134,USD,7.157656809191945,1.45835998464884,消費者服務,中立,79.05,USD,餐廳
RLAY,"Relay Therapeutics, Inc.",-1.0543840177580537,7190474,1.8624880749693469,3885876055.6015534,USD,,-1.5651,USD,29.88217373773577,0,健康科技,強力買入,17.83,USD,生物技術
SLG,SL Green Realty Corp.,1.1084240225715523,896610,0.8069546002649259,3863230352.647723,USD,,-2.5063,USD,-472.86857142857144,5.39600967351874,金融,買入,50.17,USD,房地產投資信託
KAI,Kadant Inc.,4.432555123216607,123653,0.7294869586352878,3803151582.7780085,USD,36.75045928089734,8.7637,USD,-6.984864887813362,0.44748532702098,生產製造,買入,322.07,USD,工業機械
YETI,"YETI Holdings, Inc.",0.7453666398066024,709059,0.49708315684493853,3788673720.415189,USD,25.393520869300293,1.9694,USD,-4.993004968884178,0,生產製造,買入,50.01,USD,雜項製造
FLNC,"Fluence Energy, Inc. Class A",-1.8734177215189922,7101866,0.6381173461537618,3571940836.116455,USD,,-0.3694,USD,-25.00846023688664,0,生產製造,中立,19.38,USD,電器產品
AAP,"Advance Auto Parts, Inc.",2.1746634449430537,1301722,0.8524137661874515,3569759870.238178,USD,81.76795580110497,0.724,USD,,1.72592336900242,零售業,中立,59.2,USD,專賣店
KEEL,Keel Infrastructure Corp.,-4.084967320261438,51050570,0.7839057221042217,3544473893.509804,USD,,-0.6507,USD,-186.14775725593665,0,科技服務,強力買入,5.87,USD,數據處理服務
LASR,"nLIGHT, Inc.",-2.146998902993268,752444,0.700929207867759,3522159957.983388,USD,,-0.2948,USD,74.13581330057906,0,電子科技,強力買入,62.44,USD,半導體
ELVN,"Enliven Therapeutics, Inc.",2.8260414486079006,2767596,0.9167426783121907,3509048258.485242,USD,,-1.6638,USD,13.788279185450023,0,健康科技,強力買入,49.12,USD,生物技術
BEAM,"Beam Therapeutics, Inc.",0.0884955752212423,2158018,0.8958564370069145,3490691800.4814157,USD,,-0.6871,USD,85.10223108779081,0,健康科技,強力買入,33.93,USD,生物技術
IDYA,"IDEAYA Biosciences, Inc.",0.02756339581035835,1205387,0.8266133981939942,3450567221.419515,USD,,-1.5974,USD,55.46696403679956,0,健康科技,強力買入,36.29,USD,醫藥：主要
NSIT,"Insight Enterprises, Inc.",0.5295675198587895,298804,0.6993103880839854,3440226404.560459,USD,19.903540348792507,5.7226,USD,14.516129032258055,0,科技服務,買入,113.9,USD,資訊科技服務
VAC,Marriott Vacations Worldwide Corporation,-0.42360060514372333,312643,0.6804471267795076,3390690697.1691375,USD,,-10.0713,USD,-272.32393402231196,3.21734745335351,消費者服務,買入,98.73,USD,其他消費者服務
PENG,Penguin Solutions Incorporation,3.1674907292954217,3084261,1.0583435970363533,3388411240.430315,USD,95385.71428571428,0.0007,USD,,0,電子科技,強力買入,66.77,USD,半導體
WRBY,"Warby Parker, Inc. Class A",2.4208566108007394,3019850,0.630491038074677,3374668917.6908746,USD,2894.7368421052633,0.0095,USD,,0,零售業,買入,27.5,USD,專賣店
ADEA,Adeia Inc.,1.0645375914837003,1528467,0.8278819322255278,3350723972.3925486,USD,28.147873621791902,1.0793,USD,61.83835657519866,0.665335994677312,科技服務,強力買入,30.38,USD,套裝軟體
ARCB,ArcBest Corporation,3.3337925334068075,358481,0.6616433248923965,3340011910.418377,USD,61.57950907150481,2.4362,USD,-67.8036660631451,0.330624052899848,運輸,買入,150.02,USD,貨車運輸
ICHR,"Ichor Holdings, Ltd.",6.321324681136726,1129869,0.9356461654969044,3313416037.935444,USD,,-1.4759,USD,-203.9332784184514,0,生產製造,強力買入,95.03,USD,工業機械
ADPT,Adaptive Biotechnologies Corp.,4.7052740434333,3961781,0.8151590685060349,3240898879.0718718,USD,,-0.3274,USD,65.8673894912427,0,健康科技,強力買入,20.25,USD,生物技術
ATRO,Astronics Corporation,2.698562337968426,600599,0.6391765329520599,3187848028.3684897,USD,74.49354645696214,1.1699,USD,,0,電子科技,強力買入,87.15,USD,航空與國防
COHU,"Cohu, Inc.",5.81212692428527,1894722,1.3269838868613522,3177731324.1671376,USD,,-1.1864,USD,35.48667754214247,0,電子科技,強力買入,67.36,USD,半導體
AEHR,Aehr Test Systems,3.771008403361348,1041123,0.6749543778910291,3107266931.73624,USD,,-0.3783,USD,-148.74371859296483,0,電子科技,買入,98.79,USD,電子生產設備
QURE,uniQure N.V.,0.5117707267144319,2920469,0.720548527675883,3070193812.3868985,USD,,-3.5126,USD,19.993622448979586,0,健康科技,強力買入,49.1,USD,生物技術
TENB,"Tenable Holdings, Inc.",-1.7191977077363911,1297689,0.5771745693225803,3025863147.318052,USD,,-0.0972,USD,74.14893617021276,0,科技服務,買入,27.44,USD,套裝軟體
ALGT,Allegiant Travel Company,2.5437942601565453,928868,1.562483494027908,2957668257.295471,USD,,-2.0019,USD,82.70422048468618,0,運輸,買入,110.05,USD,航空公司
ASH,Ashland Inc.,1.5605296343001405,551750,0.5506626615085851,2950106405.2019234,USD,,-15.3478,USD,-588.6127063890883,2.61664564943253,非耐用消費品,買入,64.43,USD,食品：特產/糖果
VERA,"Vera Therapeutics, Inc. Class A",2.5056947608200506,2885349,2.1464254956471516,2907207552.5056944,USD,,-5.5452,USD,-85.05589854830636,0,健康科技,強力買入,40.5,USD,生物技術
RNG,"RingCentral, Inc. Class A",-3.3472803347280413,1399020,1.004263428529302,2905700415.5774055,USD,36.57764171856856,0.9473,USD,,0.209205020920502,科技服務,買入,34.65,USD,套裝軟體
RARE,"Ultragenyx Pharmaceutical, Inc.",0.48093438680865874,1926020,0.8981201039905962,2880809959.111989,USD,,-6.106,USD,-3.8223491804393683,0,健康科技,強力買入,29.25,USD,醫藥：主要
PDFS,"PDF Solutions, Inc.",8.03964757709251,894513,1.2203236805245856,2828000428.602423,USD,382.98940323480207,0.1793,USD,395.3038674033148,0,科技服務,強力買入,68.67,USD,資訊科技服務
PENN,"PENN Entertainment, Inc.",3.4592737978410297,3942980,1.140726299461064,2822087308.9170756,USD,,-6.7047,USD,-974.9879749879749,0,消費者服務,買入,21.085,USD,賭場/遊戲
HIMX,"Himax Technologies, Inc. Sponsored ADR",-4.068658614113163,3381645,1.0563808603429106,2743311920,USD,81.74431202600218,0.1846,USD,-63.116883116883116,2.28862047043865,電子科技,中立,15.09,USD,半導體
HOG,"Harley-Davidson, Inc.",-0.35225048923679003,1667240,0.6072354564551382,2680130912.021135,USD,14.449489216799092,1.762,USD,-34.202173344785095,2.84735812133072,耐用消費品,中立,25.46,USD,機車
OUST,"Ouster, Inc.",2.726602800294766,3882707,0.821130094354185,2662802740.750184,USD,,-0.9742,USD,50.41734527687297,0,電子科技,買入,41.82,USD,半導體
WT,"WisdomTree, Inc.",-2.9164329781267506,3113290,0.8513955912536536,2647413353.5070105,USD,42.5725528775209,0.4066,USD,20.724465558194783,0.673022994952328,其他類,買入,17.31,USD,投資信託
RDW,Redwire Corp,-5.0966608084358525,27398279,0.6535329897710868,2579313782.8471,USD,,-2.6879,USD,-18.97574362606233,0,電子科技,買入,10.8,USD,航空與國防
NWL,Newell Brands Inc,6.89655172413793,18272741,1.6120520458904868,2502661068.413793,USD,,-0.6708,USD,-14.295450673027768,5.08166969147006,生產製造,中立,5.89,USD,工業機械
WOLF,Wolfspeed Inc,4.185742315238722,4074655,0.597331962045983,2483746750.683453,USD,,-17.2532,USD,-106.57319715999569,0,電子科技,賣出,47.79,USD,半導體
MGNI,"Magnite, Inc.",-5.303444505194089,2062665,0.47678701079498137,2480483860.605796,USD,16.72621921776919,1.0355,USD,422.1886031265759,0,科技服務,強力買入,17.32,USD,套裝軟體
INOD,Innodata Inc.,-10.263641937461669,2326606,1.8344640549735403,2389719140.705825,USD,65.99332672017314,1.1089,USD,6.635253389749009,0,科技服務,強力買入,73.18,USD,數據處理服務
PAYO,Payoneer Global Inc.,-0.7052186177715067,4207703,0.2467585307727115,2380888605.7884345,USD,35.77235772357724,0.1968,USD,-34.18060200668896,0,商業服務,中立,7.04,USD,雜項商業服務
TE,T1 Energy Inc.,-0.3516998827666983,20715827,0.5262818125353895,2373806505.392732,USD,,-2.0321,USD,34.17233560090704,0,生產製造,強力買入,8.5,USD,電器產品
AXGN,"Axogen, Inc.",4.633113828786451,1613230,0.9701064595669409,2365881501.2151933,USD,,-0.6334,USD,-291.47095179233617,0,健康科技,強力買入,44.49,USD,醫療專業
BHVN,Biohaven Ltd.,2.540106951871651,6061196,1.4608516352248264,2309605583.113636,USD,,-5.67,USD,39.45865143345257,0,健康科技,買入,15.34,USD,醫藥：主要
NTLA,"Intellia Therapeutics, Inc.",3.4193548387096846,3472852,0.42313972332817656,2239748064.630323,USD,,-3.5341,USD,32.41863311278541,0,健康科技,買入,16.03,USD,生物技術
JBLU,JetBlue Airways Corporation,2.2452504317789272,34129547,1.1842782843986035,2202351997.402418,USD,,-1.9386,USD,-137.98183157377855,0,運輸,中立,5.92,USD,航空公司
KSS,Kohl's Corporation,0.9518773135906912,5605720,1.026997985510434,2164805865.734003,USD,8.105812916648974,2.3551,USD,118.24668705402652,10.5764145954521,零售業,中立,19.09,USD,百貨公司
BRUN,Boost Run Inc. Class A,0.49620548744892506,1332476,0.7802336011705413,2114989162.1669586,USD,271.52996845425866,0.1268,USD,,0,科技服務,強力買入,34.43,USD,套裝軟體
NKTR,Nektar Therapeutics,-4.3337446020974735,938755,1.130970437945564,2095747311.5592227,USD,,-8.4203,USD,11.610891837420235,0,健康科技,強力買入,62.03,USD,醫藥：主要
BFLY,"Butterfly Network, Inc. Class A",3.2175032175032174,6689166,0.4403443645779168,2095382950.6486487,USD,,-0.3004,USD,-0.8053691275167829,0,健康科技,強力買入,8.02,USD,醫療專業